method,family,sha256,path,c2st_auc,c2st_distance_from_0p5,c2st_accuracy,mean_wasserstein,return_acf_mae,abs_return_acf_mae,corr_mae,nearest_train_median,nearest_train_mean,normalizer_mean_0
baseline_jitter_0p05,bootstrap_independent,6ff556f3cbecb30a53f6c20787834d4756183d7f2763fa42e80814359fff107b,generadores/david/experiments/outputs/baseline_jitter_0p05_seed42_normalized.parquet,0.897029085873,0.397029085873,0.834210526316,0.374279806878,0.0357665666184,0.0326473249271,0.0463386645254,0.695692529918,0.698201824646,0.000811428974336
bootstrap_jitter_0p02,bootstrap_independent,10b01097ff1a4cbf126328d945d1a77c094fe470c20ef0bbc7600d9460bbe03b,generadores/david/experiments/outputs/bootstrap_jitter_0p02_seed42_normalized.parquet,0.897479224377,0.397479224377,0.826315789474,0.37465560407,0.0358014951531,0.0328690884263,0.0467282214058,0.278276951923,0.279280728937,0.000811428974336
bootstrap_jitter_0p075,bootstrap_independent,11f89e07c474c0f6fe2a254f4f2ccde8b0bc403d7261dc662f6916be1eb3ee6a,generadores/david/experiments/outputs/bootstrap_jitter_0p075_seed42_normalized.parquet,0.896191135734,0.396191135734,0.832894736842,0.373699142798,0.0357545874579,0.0324248955795,0.0458697234906,1.04353872764,1.04730274012,0.000811428974336
bootstrap_jitter_0p10,bootstrap_independent,a5ee8cacb63ad4a66806c396b7ccc19e16efb8ba00f927cfbb6835e250ffdc66,generadores/david/experiments/outputs/bootstrap_jitter_0p10_seed42_normalized.parquet,0.895055401662,0.395055401662,0.827631578947,0.372878596865,0.0357541397115,0.0321160135106,0.0452727463089,1.39138497747,1.39640365335,0.000811428974336
bootstrap_jitter_0p125,bootstrap_independent,7bbf3eef694835c6ad87608b24a0164eab35f02d7cddbc1fc14ad6a2f6b0d8c2,generadores/david/experiments/outputs/bootstrap_jitter_0p125_seed42_normalized.parquet,0.894168975069,0.394168975069,0.826315789474,0.37182904793,0.0357617013228,0.0317520861372,0.0445516469331,1.73923122096,1.74550456853,0.000811428974336
bootstrap_jitter_0p15,bootstrap_independent,436f1070c57d1be7627a31464839ad80a4bd9d24ec38f18a76243758fe259a84,generadores/david/experiments/outputs/bootstrap_jitter_0p15_seed42_normalized.parquet,0.892943213296,0.392943213296,0.827631578947,0.370583094009,0.0357747226679,0.0313589706736,0.0437111722591,2.08707747994,2.09460548042,0.000811428974336
correlated_jitter_0p10,bootstrap_temporal,0b8fa0db0f89dacf28ba53d3394b96fae8c0a794ac7d48f096ed73703ae734bb,generadores/david/experiments/outputs/correlated_jitter_0p10_seed42_normalized.parquet,0.897333795014,0.397333795014,0.838157894737,0.37221915638,0.0357459695955,0.0322074787084,0.0472786631762,1.39385758043,1.39606525893,0.000811428974336
correlated_jitter_0p125,bootstrap_temporal,2610837a734495b341e3fd98f43304789fc882734085a93672de0306282549b2,generadores/david/experiments/outputs/correlated_jitter_0p125_seed42_normalized.parquet,0.897403047091,0.397403047091,0.839473684211,0.370986852228,0.0357280469347,0.0319407644209,0.0473672108817,1.74232195043,1.74508157598,0.000811428974336
temporal_jitter_0p03_rho0p85,bootstrap_temporal,45a0ad833156efc5738f0b51f378551ced29a6bee13dc2040396aab7bda13e35,generadores/david/experiments/outputs/temporal_jitter_0p03_rho0p85_seed42_normalized.parquet,0.895367036011,0.395367036011,0.832894736842,0.374219119003,0.035979033771,0.0329193261115,0.0471801671994,0.413881871898,0.417246350078,0.000811428974336
temporal_jitter_0p05_rho0p85,bootstrap_temporal,a259127dcadd8dfa19c57a1f150f66da548b6dd39d4c1b606dc547b5317c0234,generadores/david/experiments/outputs/temporal_jitter_0p05_rho0p85_seed42_normalized.parquet,0.893559556787,0.393559556787,0.836842105263,0.373712897111,0.036212627914,0.0327872354979,0.0473685869924,0.689803244879,0.69541058187,0.000811428974336
temporal_jitter_0p075_rho0p85,bootstrap_temporal,6dfde2b3f5274ea8a3d8768021e8d3b2e50b361707dd1545148d2d055fdc8ec3,generadores/david/experiments/outputs/temporal_jitter_0p075_rho0p85_seed42_normalized.parquet,0.890671745152,0.390671745152,0.822368421053,0.37285104734,0.0366710132703,0.0325869870331,0.0475912812191,1.03470482413,1.04311587055,0.000811428974336
temporal_jitter_0p10_rho0p85,bootstrap_temporal,2d0ba044b36a5bac7e605810321b32189383a1a25d659d3ac247cd16c68be9e3,generadores/david/experiments/outputs/temporal_jitter_0p10_rho0p85_seed42_normalized.parquet,0.888137119114,0.388137119114,0.818421052632,0.371729092057,0.037510438589,0.0323729597523,0.0477990873593,1.37960638339,1.39082115921,0.000811428974336
temporal_jitter_0p10_rho0p65,bootstrap_temporal,1059a3d7ff27e326a55a8ffd8fc483352266c7cd5857ad8faab9f0db3367ac77,generadores/david/experiments/outputs/temporal_jitter_0p10_rho0p65_seed42_normalized.parquet,0.892887811634,0.392887811634,0.826315789474,0.372129034017,0.0369322833753,0.0322874390197,0.0478703640576,1.38985030166,1.39472846651,0.000811428974336
temporal_jitter_0p10_rho0p95,bootstrap_temporal,12dca2202befb52b346bf8b17f13682eeddb7f75ae44e185a91e99f0afe3a89b,generadores/david/experiments/outputs/temporal_jitter_0p10_rho0p95_seed42_normalized.parquet,0.88404432133,0.38404432133,0.805263157895,0.370397110431,0.0371543771076,0.032540538869,0.0469847513589,1.34946869961,1.37031579125,0.000811428974336
temporal_jitter_0p125_rho0p85,bootstrap_temporal,ac988f04dca0b3d62c191b05c4690fb7c9b6320d9bc8cbfde6672eb470601642,generadores/david/experiments/outputs/temporal_jitter_0p125_rho0p85_seed42_normalized.parquet,0.885505540166,0.385505540166,0.818421052632,0.370382624638,0.038529841989,0.0322123155655,0.0479914448515,1.72450798938,1.73852645009,0.000811428974336
temporal_jitter_0p15_rho0p85,bootstrap_temporal,432fbde1f026bbd3a5f54928be4640ade4b8fe8784d7a318f2dd691927dcfd7a,generadores/david/experiments/outputs/temporal_jitter_0p15_rho0p85_seed42_normalized.parquet,0.88277700831,0.38277700831,0.815789473684,0.368817896378,0.0397054546779,0.0320442775205,0.0481679148554,2.06940951561,2.08623174464,0.000811428974336
temporal_jitter_0p175_rho0p85,bootstrap_temporal,b4b053c4161850aafc84a0801952444c70852c4c5e752aa9c23c2ec6da467acf,generadores/david/experiments/outputs/temporal_jitter_0p175_rho0p85_seed42_normalized.parquet,0.880637119114,0.380637119114,0.810526315789,0.367042633919,0.0410162820856,0.0319312369397,0.0483281850634,2.41431117181,2.43393703369,0.000811428974336
temporal_jitter_0p20_rho0p85,bootstrap_temporal,d71a8a3d48a89f053d691885b7e14756e3aaacbc933cd6151da506aeaf369ad0,generadores/david/experiments/outputs/temporal_jitter_0p20_rho0p85_seed42_normalized.parquet,0.878379501385,0.378379501385,0.810526315789,0.365076871538,0.0424435240377,0.0318864766025,0.0484720677588,2.75921281109,2.78164232287,0.000811428974336
temporal_jitter_0p25_rho0p85,bootstrap_temporal,4d2e0833012515a183a8de95b25af7412893d38a136279cc9e15294bed1c9f81,generadores/david/experiments/outputs/temporal_jitter_0p25_rho0p85_seed42_normalized.parquet,0.874459833795,0.374459833795,0.809210526316,0.360628699287,0.0456450870179,0.0319804768826,0.0487105229803,3.44901588132,3.47705290926,0.000811428974336
temporal_jitter_0p30_rho0p85,bootstrap_temporal,5f8ea0e15a4caf8deff6693597d38955173c92ddac4f900f0bf7a3efd3ab4a60,generadores/david/experiments/outputs/temporal_jitter_0p30_rho0p85_seed42_normalized.parquet,0.871024930748,0.371024930748,0.810526315789,0.355531928378,0.0494425399387,0.0322384918113,0.048884126026,4.13881917546,4.17246348964,0.000811428974336
temporal_jitter_0p40_rho0p85,bootstrap_temporal,0cf9be5d106783b62248b7b56f942ea121ef113640216eb8ba3b2889ba2230bf,generadores/david/experiments/outputs/temporal_jitter_0p40_rho0p85_seed42_normalized.parquet,0.865166204986,0.365166204986,0.801315789474,0.343945280648,0.0575478594468,0.0331589703996,0.0490480558152,5.5184255387,5.56328464621,0.000811428974336
temporal_jitter_0p50_rho0p85,bootstrap_temporal,302b2df2d12a0b0f1f50ac93c85cb890f9ee60050a0a0b64d0cbbbff2110d6c0,generadores/david/experiments/outputs/temporal_jitter_0p50_rho0p85_seed42_normalized.parquet,0.859342105263,0.359342105263,0.793421052632,0.331240315792,0.0663854245224,0.0347240187191,0.0489977933192,6.89803188536,6.95410581502,0.000811428974336
regime_temporal_jitter_0p03_rho0p85,regime_bootstrap_temporal,3dd62d4c13aa7690179c82d00a441a8f0efd512ba79ffce97921dd840d44612b,generadores/david/experiments/outputs/regime_temporal_jitter_0p03_rho0p85_seed42_normalized.parquet,0.912153739612,0.412153739612,0.840789473684,0.397526642201,0.0364249291247,0.0311898033935,0.0482717871196,0.404656034942,0.40954445461,0.000811428974336
regime_temporal_jitter_0p05_rho0p85,regime_bootstrap_temporal,a4d2f7e78ac9e9a34e0cb5de80baebc75a60ff3f60a02caeaa67d99d286f0d50,generadores/david/experiments/outputs/regime_temporal_jitter_0p05_rho0p85_seed42_normalized.parquet,0.912382271468,0.412382271468,0.839473684211,0.397170507985,0.0365818020991,0.0312108732332,0.0484470160622,0.674426641712,0.682574092287,0.000811428974336
regime_temporal_jitter_0p075_rho0p85,regime_bootstrap_temporal,4f5e894391920dd6c51394e98693178cc60899e8614728b21e4b9fe9cb7e550d,generadores/david/experiments/outputs/regime_temporal_jitter_0p075_rho0p85_seed42_normalized.parquet,0.911779778393,0.411779778393,0.836842105263,0.396521072096,0.0369281378373,0.0312256008501,0.0486679496402,1.01163998009,1.02386113838,0.000811428974336
regime_temporal_jitter_0p10_rho0p85,regime_bootstrap_temporal,fbda9785a4292f2317f373094d446f81bc7efb35b198bbdc0baf0cde08763fa8,generadores/david/experiments/outputs/regime_temporal_jitter_0p10_rho0p85_seed42_normalized.parquet,0.910457063712,0.410457063712,0.831578947368,0.395632772651,0.0374291627775,0.0312212989478,0.0488901974837,1.34885342041,1.36514818662,0.000811428974336
regime_mixup_jitter_0p01_rho0p85,regime_neighbor_mixup_temporal,e33ca7b00d6e059ee8a521b79483a5f7f2e7f59c13175671b48810969e5690f6,generadores/david/experiments/outputs/regime_mixup_jitter_0p01_rho0p85_seed42_normalized.parquet,0.913331024931,0.413331024931,0.843421052632,0.419506124288,0.0344606848261,0.0298959749572,0.0497461440885,2.17440481292,2.72134301068,0.000811428974336
regime_mixup_jitter_0p02_rho0p85,regime_neighbor_mixup_temporal,855a692a6b3c2e0cc821cb7c54ecb70c9b9805d81addc2b4d45bacf80fd21a5f,generadores/david/experiments/outputs/regime_mixup_jitter_0p02_rho0p85_seed42_normalized.parquet,0.913850415512,0.413850415512,0.844736842105,0.419341413531,0.0345117532287,0.0299104877283,0.0501840468862,2.18328498612,2.74135401604,0.000811428974336
regime_mixup_jitter_0p03_rho0p85,regime_neighbor_mixup_temporal,9f627b4d1fd1cd5a479013387e96186e22ae5df92766d7ebb1c3e70733a906d0,generadores/david/experiments/outputs/regime_mixup_jitter_0p03_rho0p85_seed42_normalized.parquet,0.913947368421,0.413947368421,0.840789473684,0.419123971809,0.0346039805355,0.0299218039928,0.0506218764095,2.21381922094,2.77217019128,0.000811428974336
pca_gmm_24c8,pca_gmm,2e0133b4b2a661fddc36a4c125676a5a77c5fbdebab668c6797d91a516db381e,generadores/david/experiments/outputs/pca_gmm_24c8_seed42_normalized.parquet,0.998711911357,0.498711911357,0.978947368421,0.443594339536,0.0832022668359,0.0402352673698,0.0586058009683,7.54916242849,8.26764350277,0.000811428974336
pca_gmm_32c12,pca_gmm,64808c6e9576feb6832e323ab434b2b39b6febe37e898b3d05ce8637f8468520,generadores/david/experiments/outputs/pca_gmm_32c12_seed42_normalized.parquet,0.9933033241,0.4933033241,0.960526315789,0.414509752436,0.0737067305639,0.0320659359602,0.0580855459925,7.97615994141,8.54226983349,0.000811428974336
