method,source_row,tsne_1,tsne_2
real,0,-14.97605896,-19.8928871155
real,1,-17.7950973511,-22.0268230438
real,2,-20.1339454651,-19.159029007
real,3,-21.7997169495,-23.056098938
real,4,-17.4444465637,-26.6929531097
real,5,-8.34772872925,-24.2353916168
real,6,-0.339111030102,-29.4662151337
real,7,-3.68019533157,-23.4172897339
real,8,-16.7542743683,-9.5006275177
real,9,-18.2952480316,-7.16555500031
real,10,-7.64687633514,-19.7338008881
real,11,-11.571521759,-19.6833591461
real,12,-12.9713373184,-23.8781452179
real,13,-28.6577606201,-18.2367687225
real,14,-17.0870895386,-17.4582309723
real,15,-23.48163414,-17.9851341248
real,16,-26.6358737946,-15.4450206757
real,17,-22.5853004456,-5.45609807968
real,18,-23.4575920105,-14.9783124924
real,19,-24.9009494781,-4.34251594543
real,20,-15.0244941711,-7.42592811584
real,21,-24.6489830017,-6.77673959732
real,22,-20.5011100769,-4.11056900024
real,23,-23.9003124237,-2.04863357544
real,24,-21.1466999054,-0.972344636917
real,25,-18.197807312,-1.30205690861
real,26,-35.6382827759,23.9942874908
real,27,-28.2440032959,28.2814273834
real,28,-17.7564105988,-4.57765293121
real,29,-9.41346168518,-15.7752351761
real,30,-6.03727245331,-15.1966047287
real,31,-12.6040534973,-29.9318790436
real,32,-6.92157888412,-30.8099555969
real,33,-23.3883743286,-29.0161304474
real,34,-33.9668769836,-20.5561542511
real,35,-37.5219802856,-16.2376918793
real,36,-26.0443534851,-21.6224308014
real,37,-29.5673923492,-24.8545589447
real,38,37.2567710876,-20.8871421814
real,39,34.8202323914,-21.0361557007
real,40,36.0626754761,-21.9171562195
real,41,32.7025642395,-22.415687561
real,42,32.2100791931,-20.628112793
real,43,39.0348968506,-17.9095916748
real,44,38.0697746277,-19.8594779968
real,45,29.7816066742,-17.4926738739
real,46,28.9305591583,-21.7429218292
real,47,30.7978878021,-21.6327762604
real,48,38.3711853027,-21.1199531555
real,49,35.507232666,-20.354932785
real,50,39.3463630676,-16.1238498688
real,51,34.0676574707,-19.820892334
real,52,33.016620636,-19.4550418854
real,53,37.4494361877,-15.9679555893
real,54,35.9706420898,-19.0920696259
real,55,36.6991882324,-17.4608535767
real,56,35.166053772,-17.2614421844
real,57,36.5623130798,-15.9177856445
real,58,34.1522712708,-16.9931354523
real,59,34.6305923462,-18.9107093811
real,60,37.886756897,-14.4644756317
real,61,34.7600402832,-18.7595367432
real,62,37.0812911987,-16.7602043152
real,63,34.1896858215,-17.9913673401
real,64,37.9537010193,-17.6300621033
real,65,37.702747345,-19.5753917694
real,66,30.2822265625,-17.3135242462
real,67,29.5992069244,-21.5221443176
real,68,30.4898357391,-21.5277690887
real,69,28.7283153534,-24.5840854645
real,70,25.6044578552,-25.0753364563
real,71,25.5922756195,-29.6999988556
real,72,31.8051643372,-27.5403118134
real,73,40.6169281006,-21.5376110077
real,74,35.7182693481,-24.0719242096
real,75,39.6461791992,-15.5440378189
real,76,40.7087097168,-8.90594100952
real,77,42.7212677002,-5.72636938095
real,78,31.8439502716,-3.7906973362
real,79,27.0543632507,-2.21097064018
real,80,27.9942359924,-3.87200045586
real,81,26.2555980682,-4.55488538742
real,82,28.9582958221,-2.14486312866
real,83,25.5613536835,-6.29429864883
real,84,30.810092926,-2.37436270714
real,85,25.2959518433,-3.05850815773
real,86,22.4022388458,-6.72418260574
real,87,14.8093776703,-9.34910678864
real,88,26.7428455353,0.36281555891
real,89,23.9022140503,-5.17281150818
real,90,20.001625061,-6.5890417099
real,91,32.555393219,-2.06901669502
real,92,40.7511787415,3.70325040817
real,93,28.0384197235,1.51092755795
real,94,33.2253265381,0.667961359024
real,95,26.4679756165,2.36785984039
real,96,29.4875354767,2.83699703217
real,97,25.5324897766,4.05417013168
real,98,14.3311853409,-6.61505317688
real,99,23.6858730316,3.9895837307
real,100,23.9787712097,4.97563743591
real,101,17.0025100708,2.37383985519
real,102,18.1477165222,-4.30005407333
real,103,18.2486343384,-8.16067123413
real,104,16.9980144501,-10.5420875549
real,105,20.3738174438,-11.111828804
real,106,20.4136886597,-13.1104660034
real,107,28.3384876251,-25.2719802856
real,108,24.7628803253,-25.1023788452
real,109,24.9100418091,-29.9266834259
real,110,31.3679542542,-28.223077774
real,111,41.4668922424,-21.9130191803
real,112,35.9301261902,-25.2343673706
real,113,21.6276493073,-8.89622974396
real,114,40.6413116455,-8.89553070068
real,115,42.6993675232,-5.70313072205
real,116,31.9085063934,-3.76462197304
real,117,27.0923233032,-2.19500041008
real,118,28.0471458435,-3.8481388092
real,119,26.2953262329,-4.54794836044
real,120,29.0271759033,-2.12355875969
real,121,25.5913581848,-6.2733297348
real,122,30.8556079865,-2.35749006271
real,123,25.3442020416,-3.04688835144
real,124,22.4383296967,-6.71826267242
real,125,14.888753891,-9.2687625885
real,126,26.7988433838,0.366439819336
real,127,23.9300785065,-5.15487718582
real,128,20.0316352844,-6.58748912811
real,129,32.6320838928,-2.05603814125
real,130,40.6586494446,3.67875027657
real,131,33.9070320129,-1.12216985226
real,132,33.6339187622,0.538422822952
real,133,34.9975471497,1.33551454544
real,134,29.8211956024,2.73440694809
real,135,34.7731666565,-0.479977726936
real,136,38.0613136292,0.330630034208
real,137,35.9996948242,0.027566190809
real,138,35.804397583,-0.99496948719
real,139,35.8485221863,-1.93823051453
real,140,40.496509552,-2.45978665352
real,141,35.487449646,-3.76728749275
real,142,36.6329612732,-6.04547548294
real,143,20.6345310211,-11.0880336761
real,144,20.5969944,-13.0181236267
real,145,28.4572715759,-25.0924015045
real,146,25.0586929321,-25.1083068848
real,147,25.0987091064,-29.8725471497
real,148,31.508813858,-28.0248947144
real,149,41.2737464905,-21.7896080017
real,150,35.92162323,-24.9917469025
real,151,21.7066726685,-8.89171504974
real,152,-15.0149307251,-20.0406513214
real,153,-17.8163852692,-21.9226264954
real,154,-20.1454582214,-19.3281650543
real,155,-21.8233089447,-22.9450492859
real,156,-17.4195899963,-26.6810512543
real,157,-8.26444625854,-24.3414649963
real,158,0.0871612653136,-29.4262161255
real,159,-3.14314556122,-23.4726715088
real,160,-16.7052116394,-9.68122768402
real,161,-18.2703437805,-7.35166931152
real,162,-7.64689016342,-19.8708934784
real,163,-11.6272211075,-19.505651474
real,164,-12.8008737564,-23.7521133423
real,165,-28.4789619446,-18.2235851288
real,166,-17.1431598663,-17.3620071411
real,167,-23.3193645477,-17.8987007141
real,168,-26.5785903931,-15.5045452118
real,169,-22.4606304169,-5.81810092926
real,170,-23.3203487396,-14.9884128571
real,171,-24.7347583771,-4.45914363861
real,172,-14.6549758911,-7.69567346573
real,173,-24.5592060089,-6.9277510643
real,174,-20.3998565674,-4.30615520477
real,175,-23.4395427704,-2.32344722748
real,176,-20.7457027435,-1.17465257645
real,177,-17.9767856598,-1.30268251896
real,178,-35.4827728271,24.1096801758
real,179,-28.143611908,28.2974510193
real,180,-17.5722351074,-4.57922124863
real,181,-9.32991600037,-15.6546125412
real,182,-5.9301609993,-15.0944213867
real,183,-12.474064827,-29.9101028442
real,184,-6.80465173721,-30.7809810638
real,185,-23.328748703,-29.0401172638
real,186,-33.9484519958,-20.5805454254
real,187,-37.5273017883,-16.286315918
real,188,-25.981054306,-21.6756839752
real,189,-29.424489975,-24.9391555786
real,190,13.0218982697,-27.8770885468
real,191,16.3935413361,-26.3454437256
real,192,18.2451190948,-29.0478687286
real,193,19.5557403564,-24.0508308411
real,194,8.60924053192,-28.981918335
real,195,13.6363840103,-23.7429180145
real,196,1.38661670685,-29.2788906097
real,197,-1.74900984764,-23.5608558655
real,198,9.76372814178,-24.9746685028
real,199,16.8306007385,-22.348985672
real,200,12.387676239,-12.9536514282
real,201,13.7797164917,-10.6205253601
real,202,10.566277504,-21.1622104645
real,203,6.97241926193,-21.8325176239
real,204,0.599294781685,-18.2071495056
real,205,5.53886413574,-18.4983615875
real,206,4.96405124664,-24.4203796387
real,207,3.4193315506,-16.2521381378
real,208,-2.54244613647,-18.0642719269
real,209,2.761729002,-20.9570178986
real,210,9.75801467896,-12.8207597733
real,211,-0.384744226933,-14.7403116226
real,212,8.69126701355,-11.1907157898
real,213,10.8605871201,-10.8880338669
real,214,7.98881578445,-13.9008626938
real,215,1.83721351624,-13.4486398697
real,216,12.7666339874,-8.08302021027
real,217,17.5023593903,-8.45318222046
real,218,16.3727035522,-11.1475725174
real,219,18.9982299805,-11.735865593
real,220,18.7868099213,-14.0239868164
real,221,13.9944067001,-21.0434265137
real,222,23.3978462219,-25.6059303284
real,223,23.447845459,-30.0834159851
real,224,30.4325141907,-29.1278457642
real,225,42.2190093994,-23.0019721985
real,226,35.4422683716,-26.6338882446
real,227,8.35212039948,-19.5817260742
real,228,13.1788730621,-27.8553752899
real,229,16.6345691681,-26.2883644104
real,230,18.3801040649,-28.9706878662
real,231,19.7674484253,-23.8942604065
real,232,8.72176933289,-28.974609375
real,233,13.7795753479,-23.7187404633
real,234,1.53928601742,-29.2708473206
real,235,-1.66624116898,-23.5740737915
real,236,9.80463600159,-25.0034942627
real,237,16.8971271515,-22.4706630707
real,238,12.6357536316,-12.6968603134
real,239,14.120967865,-10.1989240646
real,240,10.6534051895,-20.8318805695
real,241,6.98633098602,-21.8114433289
real,242,0.72562277317,-18.1678466797
real,243,5.54484224319,-18.4553966522
real,244,4.88665246964,-24.4715671539
real,245,3.29839396477,-16.2172985077
real,246,-2.59842967987,-18.0221443176
real,247,2.67768526077,-20.9531326294
real,248,9.80986022949,-12.6314935684
real,249,-0.34469473362,-14.6712608337
real,250,14.2371988297,-6.68405723572
real,251,11.151386261,-10.4936189651
real,252,15.7993907928,-5.09919929504
real,253,16.9370918274,2.31365942955
real,254,18.0810165405,-4.39346027374
real,255,18.1323490143,-8.31902503967
real,256,16.9004898071,-10.6642103195
real,257,19.8698635101,-11.4027318954
real,258,19.9339370728,-13.4734287262
real,259,28.243938446,-25.346736908
real,260,24.2190208435,-25.008140564
real,261,24.5341262817,-29.9660320282
real,262,31.0462760925,-28.5444889069
real,263,41.7249526978,-22.2442302704
real,264,35.8037185669,-25.7037830353
real,265,21.3477478027,-9.11839103699
real,266,-15.092291832,-20.1206493378
real,267,-17.8616828918,-21.8734855652
real,268,-20.1885242462,-19.3784179688
real,269,-21.8669433594,-22.891500473
real,270,-17.4607467651,-26.6594543457
real,271,-8.31628322601,-24.3554325104
real,272,-0.163180336356,-29.4625663757
real,273,-3.42004823685,-23.4702205658
real,274,-16.7935295105,-9.66453838348
real,275,-18.3737697601,-7.41377544403
real,276,-7.72118616104,-19.8992118835
real,277,-11.6791276932,-19.5234889984
real,278,-12.8341693878,-23.7322731018
real,279,-28.4924087524,-18.1699352264
real,280,-17.2281112671,-17.3635120392
real,281,-23.3525085449,-17.8523731232
real,282,-26.631357193,-15.4575538635
real,283,-22.547334671,-5.86156749725
real,284,-23.3978385925,-14.9684495926
real,285,-24.8618850708,-4.54883718491
real,286,-15.0170059204,-7.81052684784
real,287,-24.7413330078,-7.13944578171
real,288,-20.5621452332,-4.36000585556
real,289,-24.0450153351,-2.36732745171
real,290,-21.3187732697,-1.28238761425
real,291,-18.4983673096,-1.53043949604
real,292,-35.9378852844,23.8111457825
real,293,-28.5475845337,28.273733139
real,294,-18.073097229,-4.69809913635
real,295,-9.66604328156,-16.0962295532
real,296,-6.28443479538,-15.4841918945
real,297,-12.8664875031,-29.9648895264
real,298,-7.23660087585,-30.8832168579
real,299,-23.6618213654,-28.8373355865
real,300,-33.9743080139,-20.1514854431
real,301,-37.3978767395,-15.9064855576
real,302,-26.1839733124,-21.322019577
real,303,-29.7165775299,-24.662115097
real,304,13.0733890533,-27.8642921448
real,305,16.4933929443,-26.327331543
real,306,18.2909679413,-29.0208492279
real,307,19.6304244995,-23.9935646057
real,308,8.64322662354,-28.9833431244
real,309,13.6503248215,-23.735212326
real,310,1.2224252224,-29.2989444733
real,311,-1.93068194389,-23.5466403961
real,312,9.75919437408,-24.9867248535
real,313,16.8155040741,-22.4773273468
real,314,12.462802887,-12.7282953262
real,315,13.9294128418,-10.3333330154
real,316,10.5730390549,-20.8534259796
real,317,6.90599536896,-21.8177223206
real,318,0.574899256229,-18.1519565582
real,319,5.468313694,-18.4304714203
real,320,4.8180847168,-24.4615001678
real,321,3.15181970596,-16.1670913696
real,322,-2.81354594231,-17.9118156433
real,323,2.55062007904,-20.9107913971
real,324,-14.1190834045,-7.7561841011
real,325,-0.906223118305,-14.4767837524
real,326,-6.30368375778,-10.8042201996
real,327,-23.0009269714,-2.43022966385
real,328,-20.3312282562,-1.24214720726
real,329,-17.5808429718,-1.20787203312
real,330,-35.2436828613,24.2663669586
real,331,-27.879573822,28.3111076355
real,332,-17.3088741302,-4.48649501801
real,333,-9.17486858368,-15.4954690933
real,334,-5.73563671112,-14.9119606018
real,335,-12.2903347015,-29.8882446289
real,336,-6.58126020432,-30.7311668396
real,337,-23.1512145996,-29.1506385803
real,338,-33.9385986328,-20.8236408234
real,339,-37.6062278748,-16.5191745758
real,340,-25.8488025665,-21.8980674744
real,341,-29.2138767242,-25.1181488037
real,342,-14.8440895081,-19.706785202
real,343,-17.7332248688,-22.1553096771
real,344,-20.0638370514,-18.9734668732
real,345,-21.7271194458,-23.2199001312
real,346,-17.4302597046,-26.7198066711
real,347,-8.40006828308,-24.0576267242
real,348,-0.569987177849,-29.4697151184
real,349,-3.86868643761,-23.3733234406
real,350,-16.6893615723,-9.26729679108
real,351,-18.1987190247,-6.91251134872
real,352,-7.57455015182,-19.563583374
real,353,-11.4770298004,-19.805770874
real,354,-13.1261129379,-24.0307731628
real,355,-28.8463134766,-18.3380069733
real,356,-16.7847995758,-17.5985851288
real,357,-23.6534004211,-18.1969394684
real,358,-20.1370353699,4.82346487045
real,359,-22.462682724,-5.02133703232
real,360,-19.8768882751,9.97595691681
real,361,-21.2899684906,1.69916319847
real,362,-15.0762615204,-7.20974445343
real,363,-24.5464916229,-6.62288618088
real,364,-20.4386997223,-3.95998167992
real,365,-23.75066185,-1.9107888937
real,366,-21.017742157,-0.813485145569
real,367,-17.9923706055,-1.1622171402
real,368,-35.4453773499,24.1182498932
real,369,-28.0291004181,28.2911682129
real,370,-17.4564857483,-4.47262907028
real,371,-9.25468635559,-15.5907764435
real,372,-5.90516090393,-15.0482931137
real,373,-12.4480514526,-29.9117488861
real,374,-6.76149129868,-30.7702884674
real,375,-23.2616443634,-29.0949783325
real,376,-33.9622001648,-20.7088470459
real,377,-37.5670623779,-16.3557128906
real,378,-25.9899845123,-21.7235355377
real,379,-29.5034446716,-24.9221153259
bootstrap_jitter,0,35.4222640991,-16.5000305176
bootstrap_jitter,1,-36.0104484558,-2.72866439819
bootstrap_jitter,2,-27.4563903809,11.6677598953
bootstrap_jitter,3,-33.0495300293,4.50892353058
bootstrap_jitter,4,4.68773031235,-14.3264017105
bootstrap_jitter,5,8.00054168701,6.30448865891
bootstrap_jitter,6,19.0454883575,-17.6943759918
bootstrap_jitter,7,-21.5345344543,7.39660358429
bootstrap_jitter,8,0.322374641895,6.25880527496
bootstrap_jitter,9,19.9592247009,15.2836885452
bootstrap_jitter,10,-34.2308731079,1.97121095657
bootstrap_jitter,11,29.4365062714,-14.1867361069
bootstrap_jitter,12,25.8673458099,-10.4400167465
bootstrap_jitter,13,-22.4657211304,0.724404275417
bootstrap_jitter,14,21.8127574921,16.2149448395
bootstrap_jitter,15,-29.3723697662,3.72919845581
bootstrap_jitter,16,19.7853355408,-13.9709253311
bootstrap_jitter,17,-31.9328079224,1.66609835625
bootstrap_jitter,18,10.4624404907,-22.2507743835
bootstrap_jitter,19,-40.0940933228,-8.04441452026
bootstrap_jitter,20,28.4739933014,-5.25372982025
bootstrap_jitter,21,-20.4549598694,12.737408638
bootstrap_jitter,22,16.9788818359,-16.7987689972
bootstrap_jitter,23,18.5629234314,11.616191864
bootstrap_jitter,24,5.58195447922,21.3399448395
bootstrap_jitter,25,35.5460166931,-15.5337114334
bootstrap_jitter,26,36.5679588318,1.0595536232
bootstrap_jitter,27,17.8343410492,-19.7117099762
bootstrap_jitter,28,-28.735408783,9.55595684052
bootstrap_jitter,29,32.4505348206,-10.1220331192
bootstrap_jitter,30,30.9791851044,12.8161649704
bootstrap_jitter,31,-34.9429512024,13.2287311554
bootstrap_jitter,32,-36.5576515198,-2.22623229027
bootstrap_jitter,33,-25.5279216766,7.5947303772
bootstrap_jitter,34,2.08857584,-11.0428543091
bootstrap_jitter,35,-29.8401660919,10.6543550491
bootstrap_jitter,36,18.6354751587,-9.54786300659
bootstrap_jitter,37,24.2282333374,3.60744357109
bootstrap_jitter,38,37.3076210022,-7.46462488174
bootstrap_jitter,39,24.377368927,-0.606889307499
bootstrap_jitter,40,-40.8961982727,-6.71882390976
bootstrap_jitter,41,-26.9521751404,-4.62712574005
bootstrap_jitter,42,-5.82582187653,17.0226821899
bootstrap_jitter,43,-43.111869812,5.08069181442
bootstrap_jitter,44,26.6481609344,15.7665309906
bootstrap_jitter,45,27.2556533813,14.3739404678
bootstrap_jitter,46,-11.8913440704,7.70930624008
bootstrap_jitter,47,14.3519763947,-13.0518388748
bootstrap_jitter,48,33.6188049316,7.17905330658
bootstrap_jitter,49,30.954492569,-11.8281030655
bootstrap_jitter,50,-8.27413749695,-2.67715954781
bootstrap_jitter,51,-23.7696285248,0.505960822105
bootstrap_jitter,52,28.3647899628,14.589887619
bootstrap_jitter,53,24.0281658173,15.1023712158
bootstrap_jitter,54,22.6674728394,-0.0618521310389
bootstrap_jitter,55,34.6199836731,13.7796096802
bootstrap_jitter,56,23.4936332703,-23.8813591003
bootstrap_jitter,57,3.03426742554,19.0872764587
bootstrap_jitter,58,-26.4631824493,5.17688512802
bootstrap_jitter,59,19.1595516205,1.12814509869
bootstrap_jitter,60,36.4921798706,-13.8688325882
bootstrap_jitter,61,24.7257862091,-18.6993370056
bootstrap_jitter,62,3.40296649933,-11.13717556
bootstrap_jitter,63,36.4086875916,-11.016699791
bootstrap_jitter,64,24.3783855438,-0.606023967266
bootstrap_jitter,65,-26.6923274994,8.41899776459
bootstrap_jitter,66,36.4411849976,-3.67177581787
bootstrap_jitter,67,-29.9327526093,14.467672348
bootstrap_jitter,68,-33.203086853,17.2312602997
bootstrap_jitter,69,-30.1870975494,5.49007129669
bootstrap_jitter,70,-16.079788208,15.5247945786
bootstrap_jitter,71,-44.2191925049,4.23604249954
bootstrap_jitter,72,-11.6921224594,-3.91671776772
bootstrap_jitter,73,31.8070812225,-7.33765602112
bootstrap_jitter,74,-38.3771324158,9.35499000549
bootstrap_jitter,75,-36.7800865173,-8.64254665375
bootstrap_jitter,76,-11.7298717499,18.7396450043
bootstrap_jitter,77,-30.8812999725,-3.74230003357
bootstrap_jitter,78,-5.39605569839,22.9865589142
bootstrap_jitter,79,-3.07198643684,-6.95494031906
bootstrap_jitter,80,34.6102981567,-15.4880867004
bootstrap_jitter,81,28.2897624969,3.6386320591
bootstrap_jitter,82,36.01197052,6.97651958466
bootstrap_jitter,83,-31.8570232391,-1.18471193314
bootstrap_jitter,84,28.6812648773,7.02318763733
bootstrap_jitter,85,-12.4058895111,11.0254936218
bootstrap_jitter,86,-29.3745517731,3.72946929932
bootstrap_jitter,87,-29.4041023254,8.30340003967
bootstrap_jitter,88,38.1015815735,-18.4170150757
bootstrap_jitter,89,15.9802322388,6.07610321045
bootstrap_jitter,90,-7.42861795425,19.0566825867
bootstrap_jitter,91,-36.9655151367,0.687106609344
bootstrap_jitter,92,15.9993867874,14.0595312119
bootstrap_jitter,93,18.2301864624,11.9513092041
bootstrap_jitter,94,-9.5633764267,7.61574697495
bootstrap_jitter,95,35.1319122314,-17.0682640076
bootstrap_jitter,96,-32.9964141846,15.1991500854
bootstrap_jitter,97,27.8946361542,16.6852474213
bootstrap_jitter,98,33.4050521851,-9.62696456909
bootstrap_jitter,99,-28.5819149017,-6.93576097488
bootstrap_jitter,100,28.523475647,-15.8020067215
bootstrap_jitter,101,16.5348052979,-15.8114242554
bootstrap_jitter,102,34.5800094604,-14.0452470779
bootstrap_jitter,103,-29.7087917328,7.02919960022
bootstrap_jitter,104,-14.9890995026,11.4060640335
bootstrap_jitter,105,-31.7463779449,12.5657491684
bootstrap_jitter,106,24.6489982605,-7.90181112289
bootstrap_jitter,107,15.3658504486,-19.1068305969
bootstrap_jitter,108,37.8563117981,0.0464920774102
bootstrap_jitter,109,33.5096969604,10.1368227005
bootstrap_jitter,110,33.1030349731,4.18262577057
bootstrap_jitter,111,-13.8167943954,25.2326412201
bootstrap_jitter,112,32.9411392212,3.19082427025
bootstrap_jitter,113,-7.1404747963,-8.63920497894
bootstrap_jitter,114,-20.9957141876,-11.5375013351
bootstrap_jitter,115,-43.3971328735,8.95612239838
bootstrap_jitter,116,20.0781936646,1.97498989105
bootstrap_jitter,117,-32.7355575562,7.63654756546
bootstrap_jitter,118,29.0231170654,-16.3440113068
bootstrap_jitter,119,-13.547244072,24.8277740479
bootstrap_jitter,120,28.148519516,17.8809204102
bootstrap_jitter,121,19.5068759918,14.1615343094
bootstrap_jitter,122,-15.6753225327,21.5676765442
bootstrap_jitter,123,-43.9956512451,8.63170433044
bootstrap_jitter,124,34.1502532959,-21.1046009064
bootstrap_jitter,125,-40.5212211609,0.897639214993
bootstrap_jitter,126,-31.5648460388,9.19668960571
bootstrap_jitter,127,-35.2568740845,9.45855522156
bootstrap_jitter,128,37.0190353394,-19.6533184052
bootstrap_jitter,129,18.4962501526,-16.1611976624
bootstrap_jitter,130,29.9165534973,-9.30397319794
bootstrap_jitter,131,-23.5245628357,18.5026741028
bootstrap_jitter,132,19.7224502563,3.35087585449
bootstrap_jitter,133,29.5253505707,10.961722374
bootstrap_jitter,134,34.2113952637,12.0702419281
bootstrap_jitter,135,-37.0479469299,2.79630494118
bootstrap_jitter,136,-24.2462100983,13.6688804626
bootstrap_jitter,137,-38.9109420776,7.79974889755
bootstrap_jitter,138,39.0103187561,-10.8200912476
bootstrap_jitter,139,32.9117889404,-8.45648479462
bootstrap_jitter,140,15.2330541611,20.9052505493
bootstrap_jitter,141,-5.2766828537,15.3941669464
bootstrap_jitter,142,30.4785251617,-10.539434433
bootstrap_jitter,143,36.0214653015,-13.8063898087
bootstrap_jitter,144,-22.1955852509,-14.3694534302
bootstrap_jitter,145,-35.3697929382,-4.61425304413
bootstrap_jitter,146,-35.3281555176,-4.8026266098
bootstrap_jitter,147,-27.1144752502,-5.62884521484
bootstrap_jitter,148,-3.44694209099,2.27558422089
bootstrap_jitter,149,34.7552452087,-12.3997898102
bootstrap_jitter,150,-27.6179676056,-7.18324661255
bootstrap_jitter,151,15.9114294052,20.0536727905
bootstrap_jitter,152,14.6560773849,-2.16332769394
bootstrap_jitter,153,-23.589214325,7.73142433167
bootstrap_jitter,154,-40.5612335205,-0.700688958168
bootstrap_jitter,155,1.90614926815,-2.23497033119
bootstrap_jitter,156,-22.3556461334,-10.6690073013
bootstrap_jitter,157,-33.7710647583,-8.6372795105
bootstrap_jitter,158,-3.52297925949,-6.88245677948
bootstrap_jitter,159,-10.590265274,22.9248981476
bootstrap_jitter,160,1.74860346317,5.8766617775
bootstrap_jitter,161,-32.3560180664,6.52229356766
bootstrap_jitter,162,-43.2281608582,9.07652854919
bootstrap_jitter,163,-35.3706016541,10.7876367569
bootstrap_jitter,164,-25.312620163,-8.8448009491
bootstrap_jitter,165,9.65298938751,8.57397842407
bootstrap_jitter,166,29.329328537,17.7382392883
bootstrap_jitter,167,-10.2095537186,19.0074462891
bootstrap_jitter,168,-27.7929344177,20.5844612122
bootstrap_jitter,169,37.6551628113,-14.0517234802
bootstrap_jitter,170,-28.3892459869,13.9233016968
bootstrap_jitter,171,-31.4267539978,15.7628440857
bootstrap_jitter,172,34.2008552551,12.0349054337
bootstrap_jitter,173,15.0179853439,-17.6293506622
bootstrap_jitter,174,26.28723526,-8.44520950317
bootstrap_jitter,175,21.0446681976,1.82453358173
bootstrap_jitter,176,34.4810142517,12.9121112823
bootstrap_jitter,177,-44.2706184387,4.56914949417
bootstrap_jitter,178,-41.9006958008,2.65307164192
bootstrap_jitter,179,-25.5195732117,12.2513551712
bootstrap_jitter,180,-27.7924213409,20.5824165344
bootstrap_jitter,181,3.52692675591,8.38085174561
bootstrap_jitter,182,30.7612342834,10.2293777466
bootstrap_jitter,183,28.8378944397,-8.83951282501
bootstrap_jitter,184,42.2683830261,0.454147934914
bootstrap_jitter,185,-10.6202507019,-10.6507129669
bootstrap_jitter,186,1.09920144081,-4.7387676239
bootstrap_jitter,187,32.8764572144,-13.1965179443
bootstrap_jitter,188,-28.6576480865,-0.705169975758
bootstrap_jitter,189,-27.1258335114,-1.38563668728
bootstrap_jitter,190,34.7849273682,8.79127693176
bootstrap_jitter,191,6.29085874557,-11.73229599
bootstrap_jitter,192,18.6050338745,-1.82279384136
bootstrap_jitter,193,-28.951210022,-8.12919139862
bootstrap_jitter,194,14.9140138626,-19.6853408813
bootstrap_jitter,195,-21.9012794495,-12.5997571945
bootstrap_jitter,196,-32.1654167175,-8.64526176453
bootstrap_jitter,197,28.041639328,19.6154136658
bootstrap_jitter,198,30.2023239136,6.11986255646
bootstrap_jitter,199,5.23982954025,-4.59020328522
bootstrap_jitter,200,-19.9815254211,-16.5339794159
bootstrap_jitter,201,-27.9197025299,4.72085094452
bootstrap_jitter,202,11.6014328003,20.3962192535
bootstrap_jitter,203,-17.5409564972,-13.3606338501
bootstrap_jitter,204,-0.698220670223,0.437566608191
bootstrap_jitter,205,-27.1780834198,10.4915895462
bootstrap_jitter,206,32.9863586426,12.5425815582
bootstrap_jitter,207,22.3582897186,-20.1815242767
bootstrap_jitter,208,-27.2902679443,-1.38780033588
bootstrap_jitter,209,-30.8720493317,-14.2085103989
bootstrap_jitter,210,-30.1847553253,-7.68639945984
bootstrap_jitter,211,-27.7279376984,7.69282484055
bootstrap_jitter,212,38.6786346436,5.12778329849
bootstrap_jitter,213,-38.9941902161,0.146472424269
bootstrap_jitter,214,-4.09947061539,18.9749393463
bootstrap_jitter,215,-8.39661693573,22.9178924561
bootstrap_jitter,216,-10.6960020065,9.7761888504
bootstrap_jitter,217,-12.0476541519,24.9318275452
bootstrap_jitter,218,33.3943939209,-5.25370740891
bootstrap_jitter,219,-10.3800859451,5.67816257477
bootstrap_jitter,220,-5.60344839096,14.2011070251
bootstrap_jitter,221,37.2676429749,-7.67337274551
bootstrap_jitter,222,35.5028190613,4.26849079132
bootstrap_jitter,223,14.0244989395,-17.3347473145
bootstrap_jitter,224,8.11442279816,9.46151542664
bootstrap_jitter,225,28.0644073486,12.1135673523
bootstrap_jitter,226,31.4108085632,-10.5080480576
bootstrap_jitter,227,-29.6602745056,-13.4441547394
bootstrap_jitter,228,-31.3049259186,-9.25460147858
bootstrap_jitter,229,-36.4117240906,1.01385164261
bootstrap_jitter,230,-22.8097820282,11.4605560303
bootstrap_jitter,231,-32.583442688,9.45348739624
bootstrap_jitter,232,-4.92425060272,-8.35861587524
bootstrap_jitter,233,15.3653001785,-0.493254691362
bootstrap_jitter,234,-35.9974746704,10.8311700821
bootstrap_jitter,235,10.1828632355,-17.2052249908
bootstrap_jitter,236,30.0768470764,-11.3761854172
bootstrap_jitter,237,34.1124382019,13.9926967621
bootstrap_jitter,238,-0.251246482134,2.04015350342
bootstrap_jitter,239,-38.1929244995,-2.4927277565
bootstrap_jitter,240,33.9676933289,-15.2105665207
bootstrap_jitter,241,34.8611183167,-10.943479538
bootstrap_jitter,242,-26.6236534119,-3.34817385674
bootstrap_jitter,243,-35.6410140991,-8.34564208984
bootstrap_jitter,244,17.4989871979,-15.4143562317
bootstrap_jitter,245,-20.3128070831,15.7660989761
bootstrap_jitter,246,-42.8905906677,0.372808098793
bootstrap_jitter,247,-32.9091567993,17.018655777
bootstrap_jitter,248,32.993434906,-5.45183706284
bootstrap_jitter,249,30.2024478912,6.12021255493
bootstrap_jitter,250,23.0935592651,10.4404172897
bootstrap_jitter,251,5.85247516632,2.5472381115
bootstrap_jitter,252,30.0731868744,-6.20578813553
bootstrap_jitter,253,-34.8855552673,0.121057003736
bootstrap_jitter,254,-41.5127677917,7.32444000244
bootstrap_jitter,255,-30.7752323151,11.242351532
bootstrap_jitter,256,-7.58355665207,-1.04713368416
bootstrap_jitter,257,18.8853168488,2.4827029705
bootstrap_jitter,258,35.8587760925,11.7366170883
bootstrap_jitter,259,-4.8863658905,-8.31152629852
bootstrap_jitter,260,28.4526729584,12.0951385498
bootstrap_jitter,261,-36.4238739014,-5.99811697006
bootstrap_jitter,262,33.2986907959,13.3704099655
bootstrap_jitter,263,-43.1975479126,9.29204940796
bootstrap_jitter,264,21.1230792999,-4.53729772568
bootstrap_jitter,265,-29.9347515106,17.1652126312
bootstrap_jitter,266,33.9883842468,-10.2929019928
bootstrap_jitter,267,28.3804912567,-7.35527944565
bootstrap_jitter,268,18.7408733368,-1.8594429493
bootstrap_jitter,269,27.7654533386,4.33746385574
bootstrap_jitter,270,29.0350856781,12.8486194611
bootstrap_jitter,271,-41.251701355,11.3793525696
bootstrap_jitter,272,-28.9755115509,16.3022422791
bootstrap_jitter,273,29.0246601105,9.40082359314
bootstrap_jitter,274,15.3246393204,-15.8149051666
bootstrap_jitter,275,28.878818512,-19.4144687653
bootstrap_jitter,276,39.6322555542,-0.191049128771
bootstrap_jitter,277,-39.7170333862,-7.51501369476
bootstrap_jitter,278,-35.4390220642,-10.5360517502
bootstrap_jitter,279,-32.0692634583,-0.149961516261
bootstrap_jitter,280,-34.873966217,-6.84372329712
bootstrap_jitter,281,-32.9818687439,15.2170629501
bootstrap_jitter,282,-24.4053726196,21.8918190002
bootstrap_jitter,283,8.75323295593,-16.9634475708
bootstrap_jitter,284,30.0457439423,-17.2399044037
bootstrap_jitter,285,-34.3740692139,10.4853391647
bootstrap_jitter,286,-34.1877937317,9.45669364929
bootstrap_jitter,287,-22.4625873566,9.01732826233
bootstrap_jitter,288,-16.3366699219,16.7059860229
bootstrap_jitter,289,-38.1143226624,-3.58882045746
bootstrap_jitter,290,-37.8981704712,-1.17449510098
bootstrap_jitter,291,35.1859550476,5.69165086746
bootstrap_jitter,292,36.9856987,10.3898010254
bootstrap_jitter,293,-31.4527111053,10.4712581635
bootstrap_jitter,294,-17.9892196655,17.1764087677
bootstrap_jitter,295,-16.3022766113,23.6567554474
bootstrap_jitter,296,-15.0366563797,1.56133663654
bootstrap_jitter,297,-3.5309855938,-4.96373796463
bootstrap_jitter,298,28.6248607635,-17.4739933014
bootstrap_jitter,299,36.6336975098,-9.31696987152
bootstrap_jitter,300,-27.7884750366,0.442183196545
bootstrap_jitter,301,6.42483472824,-14.9876966476
bootstrap_jitter,302,20.715259552,0.387042939663
bootstrap_jitter,303,-14.8328723907,-1.29326868057
bootstrap_jitter,304,-20.2608356476,-8.05307674408
bootstrap_jitter,305,-33.441192627,12.4617061615
bootstrap_jitter,306,22.046585083,15.1591730118
bootstrap_jitter,307,-31.906785965,14.031665802
bootstrap_jitter,308,-28.2429466248,6.33875513077
bootstrap_jitter,309,17.3184986115,19.9032802582
bootstrap_jitter,310,31.852191925,-12.9321880341
bootstrap_jitter,311,-19.0632095337,10.4503583908
bootstrap_jitter,312,21.2745285034,-26.0113124847
bootstrap_jitter,313,-27.9928913116,-12.7837409973
bootstrap_jitter,314,-23.3159923553,13.6069564819
bootstrap_jitter,315,-28.6821212769,5.96133565903
bootstrap_jitter,316,28.5281772614,15.9476461411
bootstrap_jitter,317,-29.4638767242,18.102563858
bootstrap_jitter,318,27.2957363129,-5.98724222183
bootstrap_jitter,319,-13.262348175,19.7486972809
bootstrap_jitter,320,-31.4438323975,-1.88128292561
bootstrap_jitter,321,-43.637752533,3.66642522812
bootstrap_jitter,322,-36.0142974854,0.0694462060928
bootstrap_jitter,323,-43.038974762,8.81315517426
bootstrap_jitter,324,30.5375785828,0.346900075674
bootstrap_jitter,325,-36.0164260864,-1.24214482307
bootstrap_jitter,326,-22.0221557617,-12.851606369
bootstrap_jitter,327,-9.42016220093,-3.57396197319
bootstrap_jitter,328,25.2052669525,-8.91645622253
bootstrap_jitter,329,6.0520029068,-9.44557189941
bootstrap_jitter,330,29.4739017487,16.6638088226
bootstrap_jitter,331,31.4259967804,8.32872676849
bootstrap_jitter,332,22.4363040924,-24.2718658447
bootstrap_jitter,333,-41.319694519,-4.45035457611
bootstrap_jitter,334,26.1126995087,6.48296928406
bootstrap_jitter,335,31.7097148895,-0.313392132521
bootstrap_jitter,336,-10.2855510712,2.70141363144
bootstrap_jitter,337,20.4249210358,9.26114559174
bootstrap_jitter,338,-27.9929828644,2.13794612885
bootstrap_jitter,339,27.7741374969,-8.20917510986
bootstrap_jitter,340,17.3715267181,10.7307310104
bootstrap_jitter,341,-28.365978241,13.8748369217
bootstrap_jitter,342,-32.6740379333,1.12977719307
bootstrap_jitter,343,-39.3667984009,-1.3338329792
bootstrap_jitter,344,-43.7937507629,-0.563313663006
bootstrap_jitter,345,33.3070030212,-13.4915761948
bootstrap_jitter,346,-6.87519884109,-4.73088216782
bootstrap_jitter,347,18.7909793854,4.88249826431
bootstrap_jitter,348,-30.7213420868,-10.0986337662
bootstrap_jitter,349,15.4461975098,23.3915977478
bootstrap_jitter,350,28.0383052826,19.6119365692
bootstrap_jitter,351,-34.3271636963,2.09802722931
bootstrap_jitter,352,21.9461364746,-15.9190187454
bootstrap_jitter,353,34.5769615173,-4.69190406799
bootstrap_jitter,354,30.0012836456,13.9488601685
bootstrap_jitter,355,-36.4343528748,-3.94057703018
bootstrap_jitter,356,34.1658859253,3.90462589264
bootstrap_jitter,357,-15.3033981323,5.5733795166
bootstrap_jitter,358,6.20293235779,7.51105165482
bootstrap_jitter,359,27.1153316498,7.47594881058
bootstrap_jitter,360,-33.5711479187,-4.6544213295
bootstrap_jitter,361,-13.0799913406,1.69520616531
bootstrap_jitter,362,-44.5205039978,3.68150639534
bootstrap_jitter,363,31.7066116333,-0.313936084509
bootstrap_jitter,364,-41.9078063965,2.68185305595
bootstrap_jitter,365,-31.0261459351,-14.721985817
bootstrap_jitter,366,-24.4037895203,21.892665863
bootstrap_jitter,367,-33.3964424133,-8.95191574097
bootstrap_jitter,368,27.1716251373,17.7593669891
bootstrap_jitter,369,-13.0009689331,24.0573139191
bootstrap_jitter,370,-41.3241500854,-4.45429611206
bootstrap_jitter,371,-15.3384418488,0.030982721597
bootstrap_jitter,372,-28.6737174988,5.95872783661
bootstrap_jitter,373,23.2109394073,-15.6432638168
bootstrap_jitter,374,-10.1170520782,24.1734638214
bootstrap_jitter,375,-30.9297199249,-5.18018245697
bootstrap_jitter,376,39.0048828125,-11.1668901443
bootstrap_jitter,377,-29.6856212616,-6.75138092041
bootstrap_jitter,378,14.6736764908,8.68297863007
bootstrap_jitter,379,24.2236480713,-14.5315198898
cristian,0,17.1197166443,-2.64435553551
cristian,1,23.1370048523,7.69034385681
cristian,2,32.6043243408,16.3838882446
cristian,3,35.4587669373,-12.2239332199
cristian,4,27.846824646,-9.57265377045
cristian,5,-21.1487998962,-7.06404399872
cristian,6,-36.5015106201,11.5255079269
cristian,7,34.5634117126,-14.0803165436
cristian,8,25.2544136047,16.4316806793
cristian,9,35.6768913269,-7.73978328705
cristian,10,-11.5230989456,20.7305812836
cristian,11,-28.76587677,-6.09538888931
cristian,12,-32.3686523438,-2.41927099228
cristian,13,-42.6718978882,-3.03789925575
cristian,14,28.7595062256,5.01163578033
cristian,15,-35.1513404846,8.59576034546
cristian,16,22.2085952759,-2.86574864388
cristian,17,25.0183124542,11.7517089844
cristian,18,-20.3645267487,22.1380767822
cristian,19,26.8049488068,-12.2420768738
cristian,20,27.9810085297,5.48391723633
cristian,21,36.4839439392,1.41534757614
cristian,22,31.8531627655,14.6465930939
cristian,23,24.9348678589,11.8376436234
cristian,24,-32.0173606873,-14.7644090652
cristian,25,-30.3219184875,-9.18785667419
cristian,26,33.019985199,11.0002613068
cristian,27,-18.2279624939,3.81064534187
cristian,28,-31.5672492981,-14.0157022476
cristian,29,-9.5946559906,2.21882796288
cristian,30,33.2445869446,-7.4757437706
cristian,31,19.9542732239,-15.9045991898
cristian,32,-42.5180473328,-3.24657344818
cristian,33,-16.4654960632,12.064789772
cristian,34,32.9187812805,-18.0134849548
cristian,35,-18.2714271545,12.2899589539
cristian,36,22.7166824341,5.14850521088
cristian,37,-10.4007129669,-8.08586788177
cristian,38,-26.6071529388,5.53768777847
cristian,39,19.4340667725,5.92228841782
cristian,40,34.0211334229,13.026427269
cristian,41,10.298368454,-4.26244258881
cristian,42,-6.0532617569,-0.598654985428
cristian,43,2.46287918091,-10.9794530869
cristian,44,-20.903383255,10.7963209152
cristian,45,12.5863656998,19.2967128754
cristian,46,26.9862594604,-21.2014408112
cristian,47,-37.8454551697,-5.56406068802
cristian,48,-28.0835533142,-9.11978816986
cristian,49,26.3632030487,-17.024389267
cristian,50,36.4525489807,8.58488559723
cristian,51,28.2313632965,-0.690988183022
cristian,52,-27.0795326233,-12.5349626541
cristian,53,-37.8463668823,-4.43972444534
cristian,54,32.7170410156,8.70278835297
cristian,55,-40.0309028625,-2.79133081436
cristian,56,12.8387985229,11.6148614883
cristian,57,-10.8715810776,-2.02349829674
cristian,58,30.058423996,-0.949850797653
cristian,59,12.0671758652,9.59618854523
cristian,60,-8.92683696747,-5.7320561409
cristian,61,32.8079681396,13.1393404007
cristian,62,26.0799121857,15.986032486
cristian,63,16.4949455261,-17.453754425
cristian,64,29.1576728821,-6.58854007721
cristian,65,-21.4722805023,17.5560588837
cristian,66,-33.8037910461,10.9742307663
cristian,67,21.3792457581,-4.84342718124
cristian,68,-39.1721229553,9.07839488983
cristian,69,-19.0611667633,12.8580198288
cristian,70,25.0476799011,-12.7120418549
cristian,71,-15.5999555588,-2.98174905777
cristian,72,37.6056518555,-8.72995471954
cristian,73,26.6754646301,19.8054180145
cristian,74,-34.0895996094,13.1823234558
cristian,75,-41.5650177002,0.807383656502
cristian,76,24.9675006866,6.79214000702
cristian,77,0.111484847963,18.756067276
cristian,78,30.3046703339,-12.799118042
cristian,79,-3.4359998703,-12.1127243042
cristian,80,23.0853843689,-13.5886487961
cristian,81,33.8337287903,8.6940612793
cristian,82,33.8888778687,-9.00452327728
cristian,83,2.82080054283,-5.76017475128
cristian,84,13.6050977707,-18.3881225586
cristian,85,2.97115468979,13.6906147003
cristian,86,13.9913415909,21.6205291748
cristian,87,-35.454460144,-8.33431053162
cristian,88,-30.0296573639,14.0837497711
cristian,89,-41.2451591492,5.35055923462
cristian,90,-44.0692214966,3.08451914787
cristian,91,12.1562271118,14.7107534409
cristian,92,34.8031539917,-6.71244573593
cristian,93,31.8680896759,14.3033037186
cristian,94,-17.1553211212,20.2103176117
cristian,95,-32.9829978943,-5.05642747879
cristian,96,-16.7704677582,18.4664878845
cristian,97,-27.2710475922,3.24133396149
cristian,98,30.079870224,-19.3393001556
cristian,99,25.696313858,18.0397567749
cristian,100,-27.8196678162,17.8731231689
cristian,101,38.5848846436,-4.86772680283
cristian,102,-40.0368690491,7.50176286697
cristian,103,40.0097122192,-3.59031605721
cristian,104,-36.2069129944,8.62081050873
cristian,105,30.0600814819,11.3864450455
cristian,106,-14.4754209518,-3.66798138618
cristian,107,13.9353542328,-18.2499294281
cristian,108,-14.9494180679,20.6539230347
cristian,109,-44.8495368958,4.77429580688
cristian,110,-10.3034448624,-10.7888145447
cristian,111,35.5889167786,3.85486721992
cristian,112,-29.6800823212,17.8479118347
cristian,113,31.4686832428,1.40304887295
cristian,114,-32.4657211304,-13.1463117599
cristian,115,-17.2507610321,21.5237998962
cristian,116,-31.021604538,0.47729614377
cristian,117,9.0990819931,18.9498195648
cristian,118,29.8689823151,-19.810585022
cristian,119,-44.0791053772,5.62373018265
cristian,120,-36.580783844,6.4223818779
cristian,121,34.3736915588,-6.53707647324
cristian,122,32.1097488403,-0.369185000658
cristian,123,-42.62840271,6.1605052948
cristian,124,-35.7227478027,7.25154352188
cristian,125,-35.7980918884,9.85965156555
cristian,126,-24.0331497192,14.9804916382
cristian,127,42.0461883545,0.774216353893
cristian,128,-2.05497407913,-4.31412792206
cristian,129,-27.3849658966,-11.2613134384
cristian,130,4.79038190842,-14.1221055984
cristian,131,5.57096290588,15.5307445526
cristian,132,-15.6419610977,9.55616569519
cristian,133,13.2384672165,20.5656738281
cristian,134,-31.5512084961,-12.6179847717
cristian,135,0.0720669403672,7.95701360703
cristian,136,14.315580368,11.3372030258
cristian,137,31.8865890503,12.1972122192
cristian,138,-38.0308799744,14.1733369827
cristian,139,15.2292909622,-14.6525964737
cristian,140,26.7681217194,-20.7439880371
cristian,141,31.1067504883,1.66972398758
cristian,142,30.5801124573,15.2199707031
cristian,143,-41.0159416199,-6.7066321373
cristian,144,-23.3645401001,2.8428902626
cristian,145,24.9548797607,18.3130607605
cristian,146,-18.8910541534,18.5963249207
cristian,147,33.6513671875,-3.26663637161
cristian,148,-29.4461517334,-3.09336400032
cristian,149,34.3016815186,15.6510438919
cristian,150,-25.6991024017,13.6683969498
cristian,151,-41.7170639038,8.37252521515
cristian,152,12.0093069077,2.37520265579
cristian,153,-26.7259712219,16.8502826691
cristian,154,37.3413505554,-8.4464263916
cristian,155,27.6131477356,10.7079849243
cristian,156,-10.656665802,20.6498432159
cristian,157,-42.4804115295,0.7426892519
cristian,158,-33.0951538086,-7.0391292572
cristian,159,18.3249130249,10.2113246918
cristian,160,-11.0735025406,-4.804022789
cristian,161,11.2350082397,-18.0647525787
cristian,162,21.6217212677,-16.6991329193
cristian,163,-30.6890277863,-2.80000519753
cristian,164,34.9125289917,5.27784967422
cristian,165,32.4250183105,-8.57667255402
cristian,166,-28.090051651,-10.666519165
cristian,167,-40.8009643555,5.32467222214
cristian,168,35.5192909241,-9.81582736969
cristian,169,35.9544677734,-18.0203056335
cristian,170,32.3415603638,-18.3254337311
cristian,171,33.3906135559,11.8664283752
cristian,172,-20.7838230133,22.21849823
cristian,173,8.33950996399,-16.8566188812
cristian,174,34.4003868103,-1.58692276478
cristian,175,14.4067058563,10.4966888428
cristian,176,3.35329413414,-10.8450155258
cristian,177,-39.8959159851,7.76485538483
cristian,178,33.6691703796,-3.15747213364
cristian,179,1.47480535507,-0.331151396036
cristian,180,24.6151828766,12.1644620895
cristian,181,15.8718004227,13.0123825073
cristian,182,24.9803791046,-16.2493686676
cristian,183,-11.7554235458,25.4408378601
cristian,184,-32.5252304077,5.11169862747
cristian,185,-31.2166557312,7.47993707657
cristian,186,-31.6291942596,-14.4281873703
cristian,187,12.3351869583,0.936111688614
cristian,188,-26.316028595,9.991522789
cristian,189,-21.5714263916,-8.65673542023
cristian,190,-16.2563896179,-11.9357023239
cristian,191,-36.6464309692,7.73781490326
cristian,192,-28.5068206787,-3.86831188202
cristian,193,17.2029323578,-12.7890634537
cristian,194,31.7151699066,-5.33329868317
cristian,195,-40.6987571716,1.53600883484
cristian,196,-15.0828495026,-5.25103569031
cristian,197,28.6760253906,8.2916727066
cristian,198,-26.9782714844,12.4295196533
cristian,199,10.4026851654,-14.9073448181
cristian,200,-22.3833580017,16.3956222534
cristian,201,35.0075874329,10.5472946167
cristian,202,36.2914085388,-2.5150308609
cristian,203,-39.9248046875,3.74235296249
cristian,204,27.0664863586,18.6993198395
cristian,205,28.5919532776,5.19185829163
cristian,206,-40.8020095825,6.40896320343
cristian,207,7.33650064468,17.7796497345
cristian,208,-43.5608863831,6.17955827713
cristian,209,30.8014602661,-9.28942489624
cristian,210,-37.5639076233,-1.13642346859
cristian,211,-1.16040277481,9.48127269745
cristian,212,21.9972934723,12.0946512222
cristian,213,36.9861335754,-13.2908201218
cristian,214,32.2616119385,6.72693872452
cristian,215,9.23880195618,-15.0686883926
cristian,216,14.7357120514,11.4597320557
cristian,217,-11.0549287796,16.7299518585
cristian,218,31.5464248657,-16.8016643524
cristian,219,28.3153343201,-12.0619277954
cristian,220,17.9115943909,3.53050732613
cristian,221,-24.8852119446,11.8570413589
cristian,222,26.4137687683,18.3157711029
cristian,223,24.7666740417,8.17966556549
cristian,224,29.198184967,-11.7520542145
cristian,225,-25.9875583649,-13.0843877792
cristian,226,-13.6489028931,10.4732933044
cristian,227,-10.6338214874,23.9334983826
cristian,228,27.0204124451,-21.3045578003
cristian,229,15.4275760651,15.9926156998
cristian,230,-17.3023166656,-14.2758026123
cristian,231,-29.6587257385,15.5800418854
cristian,232,31.5353488922,3.34643030167
cristian,233,-17.0443496704,6.35918807983
cristian,234,17.4962425232,21.8584022522
cristian,235,-8.90728664398,-6.63586950302
cristian,236,-19.2021942139,8.4656867981
cristian,237,-38.7788391113,-0.506403148174
cristian,238,37.4167785645,-19.1527080536
cristian,239,-24.1978359222,3.07831335068
cristian,240,25.9528083801,-0.972170948982
cristian,241,28.8938770294,-8.43210220337
cristian,242,-24.3556098938,-12.7292251587
cristian,243,18.4689941406,-21.4557342529
cristian,244,-32.4365272522,11.2335796356
cristian,245,-30.8626747131,-6.40701246262
cristian,246,35.6644287109,12.1817808151
cristian,247,35.521320343,10.1656522751
cristian,248,-3.93413901329,4.341360569
cristian,249,26.8902606964,17.6987743378
cristian,250,-19.9039115906,7.95105075836
cristian,251,-2.98536872864,8.6733455658
cristian,252,-33.9178962708,6.68732500076
cristian,253,-7.23111343384,0.0758047699928
cristian,254,14.2190694809,10.9078912735
cristian,255,-5.14101934433,8.53952312469
cristian,256,-34.4443778992,-1.4196447134
cristian,257,25.937582016,8.09375286102
cristian,258,-26.5609416962,-11.0259485245
cristian,259,-36.8915138245,-3.0837635994
cristian,260,-32.3462142944,10.3699645996
cristian,261,-35.0811233521,6.23601818085
cristian,262,-18.3009414673,5.45668315887
cristian,263,-18.3233833313,16.0966663361
cristian,264,-30.0208644867,-10.9613742828
cristian,265,31.5619659424,-9.32675170898
cristian,266,-6.70619678497,19.92735672
cristian,267,-15.4604997635,4.51898002625
cristian,268,3.57730436325,11.2785329819
cristian,269,-27.8265838623,9.5307598114
cristian,270,-29.578042984,-9.50159931183
cristian,271,34.0821151733,-7.89944553375
cristian,272,-30.5683803558,8.90924835205
cristian,273,-27.4043006897,-2.68339943886
cristian,274,-14.6686382294,2.58945512772
cristian,275,-35.894695282,3.43974041939
cristian,276,29.9090023041,-3.83583307266
cristian,277,-36.5146903992,-9.65251731873
cristian,278,34.8216094971,-2.82557153702
cristian,279,31.5636062622,-13.7803068161
cristian,280,-28.749376297,-9.86657333374
cristian,281,-30.8471603394,-12.8414888382
cristian,282,25.5146980286,15.2703886032
cristian,283,-20.9297485352,-14.2543830872
cristian,284,-6.09406423569,12.4328603745
cristian,285,33.6947937012,15.1801166534
cristian,286,35.0069160461,-19.3593387604
cristian,287,33.8345870972,6.26617956161
cristian,288,-15.7975482941,6.71976518631
cristian,289,23.2680244446,8.90766906738
cristian,290,35.0889892578,-19.4910144806
cristian,291,17.68633461,17.8905181885
cristian,292,22.7580699921,-18.556438446
cristian,293,31.0706768036,5.0955247879
cristian,294,40.2443771362,-3.97991919518
cristian,295,34.5304222107,-23.3871421814
cristian,296,-37.3694839478,2.81321978569
cristian,297,-23.3161048889,-9.42951011658
cristian,298,17.0346336365,0.286341160536
cristian,299,13.4504013062,17.3205013275
cristian,300,3.49044060707,-2.43277430534
cristian,301,2.08655452728,9.69361400604
cristian,302,-38.7752761841,-2.97632336617
cristian,303,-23.978597641,11.8274650574
cristian,304,34.8984260559,9.42856502533
cristian,305,30.2487487793,8.18922615051
cristian,306,35.5249137878,-9.80239295959
cristian,307,-43.219329834,2.54805326462
cristian,308,-18.6080188751,-13.2280426025
cristian,309,-12.7122011185,-16.0171413422
cristian,310,27.8091506958,-13.2587089539
cristian,311,27.1325283051,-17.3952617645
cristian,312,38.1692504883,2.63850045204
cristian,313,16.6985969543,11.4747819901
cristian,314,34.5537986755,-1.23306632042
cristian,315,37.8232154846,2.64441204071
cristian,316,34.2130050659,15.7712202072
cristian,317,-18.3642177582,-11.3712043762
cristian,318,38.8112335205,-6.24922609329
cristian,319,-36.9807815552,5.48321151733
cristian,320,-12.2577962875,22.2088165283
cristian,321,33.7747039795,-16.3654594421
cristian,322,-38.9113388062,-4.36806583405
cristian,323,14.9444274902,17.3227729797
cristian,324,-19.7032299042,-12.5165176392
cristian,325,-36.6966056824,10.6206207275
cristian,326,-13.1470222473,21.3403587341
cristian,327,-29.6973609924,12.1162204742
cristian,328,35.2927627563,7.86917304993
cristian,329,-25.5403175354,-0.602998673916
cristian,330,34.3501167297,2.81213617325
cristian,331,-8.52127552032,21.1888637543
cristian,332,-30.1207294464,9.62220954895
cristian,333,-37.6542816162,0.745987474918
cristian,334,31.1756668091,4.21261692047
cristian,335,29.5492744446,0.84665453434
cristian,336,-41.2008209229,5.17816543579
cristian,337,-13.8635511398,-2.57799196243
cristian,338,12.5249958038,-2.30592560768
cristian,339,-33.8504714966,-0.516112864017
cristian,340,-15.1904506683,23.4834938049
cristian,341,36.0051765442,2.76701450348
cristian,342,-27.4631404877,-7.73753166199
cristian,343,-19.8983402252,17.1423892975
cristian,344,18.5409927368,4.98304796219
cristian,345,15.1464958191,3.80318188667
cristian,346,-19.0762825012,1.02514386177
cristian,347,-23.0519828796,4.58340167999
cristian,348,23.2749023438,-3.41934490204
cristian,349,4.55690813065,-13.0930128098
cristian,350,-26.9441299438,2.98737120628
cristian,351,-18.5017242432,2.31262683868
cristian,352,-32.3626594543,-10.7061138153
cristian,353,-24.4177131653,21.8710823059
cristian,354,-28.7489109039,11.6005592346
cristian,355,14.6121826172,-17.6490325928
cristian,356,28.9943828583,-15.8196277618
cristian,357,16.8747997284,18.819568634
cristian,358,-17.670835495,6.04921102524
cristian,359,23.8071804047,5.76488637924
cristian,360,-36.399936676,12.5946817398
cristian,361,32.6065788269,-15.1494274139
cristian,362,-15.9959373474,20.4596157074
cristian,363,23.9163284302,-14.5549297333
cristian,364,-39.5583343506,2.94733977318
cristian,365,-8.13087272644,7.89944791794
cristian,366,20.3713684082,-17.7713851929
cristian,367,-12.4126930237,6.28624629974
cristian,368,24.8211021423,-12.0820026398
cristian,369,-33.9380836487,-3.53390169144
cristian,370,-39.8284568787,10.3166828156
cristian,371,-33.1728248596,4.41148853302
cristian,372,-21.7721328735,17.9769935608
cristian,373,-13.3187656403,13.6435022354
cristian,374,-37.1627960205,-7.39636278152
cristian,375,-26.429353714,-6.72060680389
cristian,376,15.6606779099,9.80828475952
cristian,377,34.7749252319,-8.70729732513
cristian,378,15.7381629944,9.74018955231
cristian,379,-25.0079936981,6.30136632919
daniel,0,4.88142776489,1.06904745102
daniel,1,1.6095969677,1.10880112648
daniel,2,-6.86956691742,-2.70066928864
daniel,3,5.15827798843,6.47016143799
daniel,4,-18.1171283722,9.68438625336
daniel,5,-0.375934958458,13.3853158951
daniel,6,12.0930576324,5.59912204742
daniel,7,0.60957723856,-5.88485336304
daniel,8,10.2695512772,14.5257444382
daniel,9,-19.2664012909,-9.45590686798
daniel,10,0.0346377305686,9.68355751038
daniel,11,15.7036075592,-3.32798695564
daniel,12,-7.10847902298,12.0037918091
daniel,13,6.56324195862,-10.5795640945
daniel,14,16.5819511414,4.9404630661
daniel,15,7.12978887558,-1.45764887333
daniel,16,15.4966478348,6.25276565552
daniel,17,2.84587097168,13.6722583771
daniel,18,10.6356191635,-7.57492876053
daniel,19,-3.85513138771,8.78262901306
daniel,20,-14.8001871109,9.36472797394
daniel,21,-8.40333461761,12.2670564651
daniel,22,11.3420743942,7.56473779678
daniel,23,-0.811193108559,-8.55962276459
daniel,24,1.11594009399,2.45382833481
daniel,25,-1.96810233593,16.7819252014
daniel,26,-17.0128917694,16.3567199707
daniel,27,9.97604560852,-1.47841227055
daniel,28,11.1422290802,3.26098942757
daniel,29,-9.12982368469,11.8091573715
daniel,30,-9.21407985687,0.969610214233
daniel,31,0.335424184799,5.37554931641
daniel,32,21.3247928619,6.23052787781
daniel,33,-4.4910774231,7.16652727127
daniel,34,17.7027282715,5.74958658218
daniel,35,-6.0542845726,11.0122470856
daniel,36,-0.786109864712,-5.45209550858
daniel,37,-11.1584405899,-5.74372339249
daniel,38,12.3396854401,16.7904605865
daniel,39,0.931217908859,16.6077060699
daniel,40,-28.9413852692,-1.7205080986
daniel,41,8.16113185883,-0.0255333594978
daniel,42,-20.1934318542,4.94881677628
daniel,43,-8.38799190521,-7.78884601593
daniel,44,-2.58096051216,21.2229747772
daniel,45,0.157275423408,-3.64890599251
daniel,46,-15.3041353226,11.9070549011
daniel,47,-7.71211719513,11.1095314026
daniel,48,-11.0079488754,8.51963329315
daniel,49,-14.5303382874,14.1363954544
daniel,50,-7.00941801071,15.3946580887
daniel,51,8.10940647125,-0.332492768764
daniel,52,13.4674568176,0.148394092917
daniel,53,-1.42251932621,7.02966165543
daniel,54,-3.14664578438,-4.50680494308
daniel,55,15.2900743484,1.11806535721
daniel,56,4.33065414429,1.70787489414
daniel,57,9.43826293945,6.31762886047
daniel,58,-5.02332735062,18.6487083435
daniel,59,12.158577919,6.00994491577
daniel,60,-1.6256197691,5.50590419769
daniel,61,6.88896131516,-11.8588619232
daniel,62,8.04281425476,-8.81241226196
daniel,63,-0.630635738373,2.27103281021
daniel,64,19.5559368134,-4.26868152618
daniel,65,-11.7161016464,0.63422781229
daniel,66,19.6823329926,8.2848739624
daniel,67,1.78231370449,-8.29309368134
daniel,68,-2.74844717979,1.02230250835
daniel,69,-9.26536083221,-0.478043705225
daniel,70,-4.70414543152,2.66175842285
daniel,71,18.3131713867,-0.576990187168
daniel,72,19.4707965851,6.80329608917
daniel,73,-2.55657052994,2.53377366066
daniel,74,-5.72118473053,10.0139780045
daniel,75,-12.0346374512,-0.946664690971
daniel,76,3.38594317436,8.25369739532
daniel,77,8.84536743164,10.5169801712
daniel,78,-1.02005577087,-7.6704492569
daniel,79,7.51477050781,3.69092178345
daniel,80,-3.77826762199,0.484217435122
daniel,81,-3.03837919235,-1.71214604378
daniel,82,-0.451145976782,22.7187404633
daniel,83,10.7865343094,10.1107378006
daniel,84,14.317407608,16.3122291565
daniel,85,-1.67420828342,8.32716655731
daniel,86,13.1374607086,9.97596073151
daniel,87,8.45670413971,8.69823265076
daniel,88,0.708013534546,3.98817229271
daniel,89,9.28085041046,11.695104599
daniel,90,11.6407766342,18.1764774323
daniel,91,-15.0745735168,21.6421604156
daniel,92,-3.59275555611,12.8443002701
daniel,93,11.2117786407,-1.762814641
daniel,94,-4.64442443848,20.3699417114
daniel,95,-12.8201303482,16.4469985962
daniel,96,12.3967685699,-5.05874109268
daniel,97,6.45513725281,9.02745628357
daniel,98,-7.14656400681,13.0465946198
daniel,99,3.93880057335,14.6663217545
daniel,100,-12.5464105606,4.2062497139
daniel,101,0.31479460001,7.83350229263
daniel,102,11.6784505844,-3.15625309944
daniel,103,-3.63710522652,16.3770523071
daniel,104,3.81646466255,-7.32790088654
daniel,105,-10.3311510086,14.4297370911
daniel,106,6.38187122345,13.7743530273
daniel,107,2.98127985001,1.77820503712
daniel,108,9.89028167725,-1.81134271622
daniel,109,-3.86589860916,10.0219764709
daniel,110,-11.0909910202,4.12776374817
daniel,111,9.36310958862,2.9356675148
daniel,112,6.13416910172,12.0567703247
daniel,113,-22.2701644897,2.9554207325
daniel,114,5.18387842178,20.4903812408
daniel,115,-3.7234992981,5.62523269653
daniel,116,2.03726696968,-1.9243016243
daniel,117,2.1087975502,-3.73423957825
daniel,118,-3.01147532463,17.8945655823
daniel,119,4.69826793671,-3.25673651695
daniel,120,6.84288454056,5.77237892151
daniel,121,-14.445183754,4.07573604584
daniel,122,12.8412218094,8.03503990173
daniel,123,10.0265512466,2.07316279411
daniel,124,-7.55087757111,14.3348894119
daniel,125,-9.17232227325,-0.41521525383
daniel,126,-10.2138834,15.1436462402
daniel,127,-11.066576004,11.3828210831
daniel,128,-12.3620357513,9.23840236664
daniel,129,-6.94313240051,5.70739841461
daniel,130,-1.86743199825,-1.17741239071
daniel,131,-6.99351072311,0.182239681482
daniel,132,5.55800008774,21.1521015167
daniel,133,-19.5508079529,-10.7334213257
daniel,134,31.142829895,-6.47524499893
daniel,135,1.54462850094,20.3447818756
daniel,136,-13.1608419418,-0.179748728871
daniel,137,4.87021207809,10.3311309814
daniel,138,8.36343479156,-4.0074338913
daniel,139,1.80695509911,-0.339661478996
daniel,140,1.59528613091,10.2156305313
daniel,141,19.4718227386,0.20534811914
daniel,142,-5.03337717056,12.174161911
daniel,143,-10.2111988068,-2.81079173088
daniel,144,-0.270989775658,19.2014980316
daniel,145,15.8797140121,18.2422332764
daniel,146,-10.3665819168,-6.22631025314
daniel,147,-1.76556527615,-12.1690969467
daniel,148,-3.08235907555,14.5822505951
daniel,149,15.9783964157,-1.53066492081
daniel,150,11.2194299698,8.21209430695
daniel,151,-5.49662256241,4.23237323761
daniel,152,7.83956336975,4.22362756729
daniel,153,-1.36306452751,14.0524950027
daniel,154,-13.5793237686,10.2499713898
daniel,155,8.22295284271,14.6484069824
daniel,156,2.18936491013,2.79553222656
daniel,157,-8.782330513,9.35993289948
daniel,158,-0.795943498611,0.635836839676
daniel,159,8.62508583069,2.84660458565
daniel,160,-4.70385742188,9.53058433533
daniel,161,-10.0850925446,4.0159497261
daniel,162,-8.63453483582,19.2846183777
daniel,163,13.6000156403,2.18422365189
daniel,164,-17.6642456055,9.85778141022
daniel,165,-1.0653526783,16.9116630554
daniel,166,9.77832126617,2.35851430893
daniel,167,-6.56660461426,-2.68786072731
daniel,168,7.04865837097,9.78145027161
daniel,169,6.2045841217,7.63293600082
daniel,170,7.38007211685,1.99984180927
daniel,171,2.31718611717,5.72210454941
daniel,172,-3.69910812378,-0.524435997009
daniel,173,-8.05682086945,-3.88112068176
daniel,174,-2.58521366119,9.55050849915
daniel,175,-8.0268201828,5.46439170837
daniel,176,3.37963581085,17.4971027374
daniel,177,-4.86458778381,8.55250740051
daniel,178,-0.0385700874031,-2.17890191078
daniel,179,11.7961158752,-14.9667053223
daniel,180,-5.43003559113,3.94121050835
daniel,181,4.46343374252,7.10416793823
daniel,182,-2.54202485085,-0.188165411353
daniel,183,4.16511821747,14.8950872421
daniel,184,11.7663125992,11.2884092331
daniel,185,-1.03411304951,10.6111831665
daniel,186,-13.7038602829,12.0048856735
daniel,187,-0.964753746986,17.5920467377
daniel,188,10.9243440628,0.05797181651
daniel,189,6.39990091324,10.4706087112
daniel,190,0.300285756588,-3.37844491005
daniel,191,6.81996202469,1.58432412148
daniel,192,-6.43388128281,-6.12721538544
daniel,193,-6.82237577438,9.99688529968
daniel,194,-3.88429760933,4.12550735474
daniel,195,-7.89087772369,2.87214946747
daniel,196,17.9823055267,1.19047522545
daniel,197,13.4898519516,4.06160497665
daniel,198,9.1679983139,9.99201107025
daniel,199,-1.73536264896,-4.4445438385
daniel,200,0.363190114498,-0.471527844667
daniel,201,12.0992231369,1.18896949291
daniel,202,-7.90802288055,17.4331111908
daniel,203,-0.922986090183,-0.991049349308
daniel,204,-8.49484539032,8.91217041016
daniel,205,-2.18814945221,1.30999898911
daniel,206,8.36741733551,-3.4040184021
daniel,207,-9.69120025635,-4.89302062988
daniel,208,10.4261856079,7.72521209717
daniel,209,-3.50569200516,7.54762220383
daniel,210,-8.25014686584,1.85423195362
daniel,211,17.9425048828,7.66451978683
daniel,212,13.251953125,-3.63204050064
daniel,213,-6.02155303955,1.65241789818
daniel,214,-31.2133655548,3.64370059967
daniel,215,-16.7425289154,4.07286596298
daniel,216,2.03377985954,7.17083930969
daniel,217,-6.82280015945,9.63142967224
daniel,218,3.89226150513,6.3430223465
daniel,219,13.5744380951,5.17280387878
daniel,220,7.68663358688,4.65091896057
daniel,221,-4.80974292755,-2.55827856064
daniel,222,1.52571809292,11.8287687302
daniel,223,-5.670129776,13.6101703644
daniel,224,4.74397373199,3.75804805756
daniel,225,3.31546854973,4.15463733673
daniel,226,3.84978151321,6.07328033447
daniel,227,8.28458404541,4.45069503784
daniel,228,-1.03292810917,-7.83029651642
daniel,229,8.2951374054,6.16658496857
daniel,230,10.5363550186,11.5023851395
daniel,231,-0.203640580177,3.45433735847
daniel,232,6.26066112518,6.15017843246
daniel,233,21.9827079773,1.98419892788
daniel,234,-17.815328598,7.6814866066
daniel,235,-2.30097389221,11.200428009
daniel,236,8.06388092041,7.96621751785
daniel,237,-8.98489952087,4.42566919327
daniel,238,-13.2697105408,3.90040969849
daniel,239,-8.76088428497,3.01480364799
daniel,240,7.30356788635,7.15044975281
daniel,241,-8.4240732193,14.6260108948
daniel,242,0.631316363811,15.594078064
daniel,243,-4.96488571167,0.662937104702
daniel,244,9.1873216629,16.499666214
daniel,245,-15.1809558868,-12.4786701202
daniel,246,6.72143316269,-11.772108078
daniel,247,5.51682138443,1.88938188553
daniel,248,9.32990932465,13.1275091171
daniel,249,12.4570569992,3.91429948807
daniel,250,0.157283619046,5.87689065933
daniel,251,5.18260622025,2.01708126068
daniel,252,-15.0371360779,11.2579317093
daniel,253,13.7282476425,8.23930358887
daniel,254,-11.5442295074,14.3527212143
daniel,255,3.61709117889,0.693817198277
daniel,256,11.2158069611,-9.00226783752
daniel,257,-3.36619186401,11.9448127747
daniel,258,14.1037406921,0.381960123777
daniel,259,7.29127168655,-5.97514009476
daniel,260,-10.8071260452,4.03825283051
daniel,261,2.69413352013,9.81034755707
daniel,262,0.171895444393,12.2514238358
daniel,263,-6.63097667694,3.94948887825
daniel,264,-3.59801626205,14.368973732
daniel,265,-7.30018663406,-9.38377285004
daniel,266,4.97014665604,0.10769879818
daniel,267,4.81978082657,2.89144468307
daniel,268,13.9023857117,-2.06578278542
daniel,269,1.86204493046,-8.16842269897
daniel,270,-7.79408073425,4.05913305283
daniel,271,-1.5763784647,15.5020170212
daniel,272,20.6445674896,4.92460823059
daniel,273,8.26483821869,11.832157135
daniel,274,6.61424589157,-2.19593763351
daniel,275,19.0161819458,8.79581737518
daniel,276,-17.376625061,19.0050525665
daniel,277,-2.91461968422,9.9573392868
daniel,278,-11.4562673569,13.1753196716
daniel,279,-5.12112092972,15.3409290314
daniel,280,10.8199615479,6.45819664001
daniel,281,11.1304073334,13.1122055054
daniel,282,-11.1669311523,2.12453079224
daniel,283,-4.52832126617,6.90923547745
daniel,284,-15.8827352524,9.39009094238
daniel,285,22.4612407684,-2.87740039825
daniel,286,9.4057264328,7.18954133987
daniel,287,-5.49329090118,6.86595582962
daniel,288,7.6358332634,10.7940540314
daniel,289,-15.7973136902,13.9738769531
daniel,290,-17.3887233734,9.16763305664
daniel,291,-4.0182390213,14.0924482346
daniel,292,-6.68698358536,5.35016155243
daniel,293,-1.30617773533,4.92192220688
daniel,294,-12.6023960114,-3.74324059486
daniel,295,4.95616292953,11.9558486938
daniel,296,11.5739116669,16.514125824
daniel,297,-7.60734796524,-8.16980838776
daniel,298,9.09204864502,-9.14620876312
daniel,299,-5.57772064209,-4.037753582
daniel,300,-11.7915048599,12.0966434479
daniel,301,13.5804576874,15.7272453308
daniel,302,-10.9864654541,16.9188518524
daniel,303,-6.34924316406,6.83258676529
daniel,304,-0.784695327282,4.25315189362
daniel,305,-24.5010185242,5.07847452164
daniel,306,-13.3209857941,21.3031902313
daniel,307,-4.50259208679,21.1827049255
daniel,308,18.0089988708,13.9069385529
daniel,309,-1.18089151382,11.1845006943
daniel,310,11.0836000443,13.2854595184
daniel,311,7.80014753342,12.7600574493
daniel,312,8.73857498169,-6.51510477066
daniel,313,-12.3720321655,2.67475485802
daniel,314,-13.5127267838,8.64373970032
daniel,315,2.26108694077,4.67104816437
daniel,316,-6.38237094879,8.1234292984
daniel,317,3.87041902542,2.88669323921
daniel,318,21.0214519501,-0.799716413021
daniel,319,15.0833711624,13.0200138092
daniel,320,-17.7679729462,13.6743803024
daniel,321,-6.6389913559,2.59969639778
daniel,322,3.56851601601,8.26753425598
daniel,323,9.87416172028,4.45325994492
daniel,324,-9.14910697937,6.12828397751
daniel,325,-10.6668605804,9.71398353577
daniel,326,-3.75321173668,-9.94850254059
daniel,327,-8.38044071198,7.31012201309
daniel,328,-1.68172585964,-10.2166509628
daniel,329,1.8308737278,9.128282547
daniel,330,5.60501337051,-1.39265847206
daniel,331,-10.2838048935,15.2986650467
daniel,332,-3.31914114952,16.4453582764
daniel,333,9.58713817596,0.552712798119
daniel,334,-13.4286556244,-4.54318809509
daniel,335,-10.8227968216,-0.985925495625
daniel,336,-1.90531539917,16.1750946045
daniel,337,-6.60057592392,-1.2950347662
daniel,338,5.9760389328,4.53641605377
daniel,339,7.74470281601,1.78089296818
daniel,340,-3.13499164581,4.4063372612
daniel,341,6.14470767975,-0.0729966536164
daniel,342,-8.69979095459,23.9225673676
daniel,343,8.87173175812,-6.841547966
daniel,344,-14.722029686,-10.3521099091
daniel,345,-0.133678749204,3.81176280975
daniel,346,11.1370077133,4.40132188797
daniel,347,-10.8620643616,-3.48885607719
daniel,348,15.1584882736,5.52916717529
daniel,349,-7.43402147293,-6.48548650742
daniel,350,-9.62069797516,10.7778263092
daniel,351,-2.65037274361,18.7409248352
daniel,352,9.6497631073,7.11191320419
daniel,353,-8.76889324188,-2.10830783844
daniel,354,5.23848390579,4.92038631439
daniel,355,4.96492433548,12.3761959076
daniel,356,10.5885944366,-4.45376491547
daniel,357,-15.3323926926,7.84289455414
daniel,358,4.56403684616,-1.26737689972
daniel,359,-12.9602212906,12.5150976181
daniel,360,1.4935567379,-1.8008992672
daniel,361,-6.18590927124,8.20927333832
daniel,362,1.62598657608,14.7926740646
daniel,363,-1.84915411472,3.24938941002
daniel,364,-10.8304004669,6.21955347061
daniel,365,16.9382476807,-6.50722932816
daniel,366,-4.97905921936,-5.83197927475
daniel,367,5.29580402374,-6.34924459457
daniel,368,2.69284033775,4.96477460861
daniel,369,4.75467967987,8.77369308472
daniel,370,-14.0530414581,-12.0176239014
daniel,371,-13.8811178207,-10.1825771332
daniel,372,8.03491020203,-0.703195631504
daniel,373,-6.19995307922,17.9831981659
daniel,374,11.6444416046,-6.49554872513
daniel,375,-1.64023935795,-2.58824586868
daniel,376,4.32672595978,4.5535941124
daniel,377,20.1871128082,19.5136852264
daniel,378,3.17395424843,-4.31789255142
daniel,379,-12.5148658752,-5.67632055283
david,0,-31.4158611298,12.6371126175
david,1,33.6736335754,-15.6483888626
david,2,-12.4808006287,23.0864048004
david,3,21.5882835388,-20.5726165771
david,4,-25.3078403473,3.05733990669
david,5,1.13067924976,2.26554656029
david,6,24.9161491394,2.54963874817
david,7,-43.91040802,5.58138656616
david,8,32.3686752319,7.67899370193
david,9,-23.8497581482,13.0035743713
david,10,-16.8477725983,11.3404874802
david,11,-36.8862075806,-4.85207462311
david,12,25.9015083313,-17.9247264862
david,13,-45.1584854126,1.86831355095
david,14,20.3237762451,-2.13808703423
david,15,-34.8570365906,4.74268388748
david,16,-12.2489376068,-14.3260536194
david,17,13.2457914352,13.090180397
david,18,-39.5241966248,1.03568303585
david,19,-26.788476944,-9.41666793823
david,20,34.1261672974,10.7675304413
david,21,-15.5874643326,22.6438236237
david,22,36.301864624,11.4506206512
david,23,31.953289032,-11.8995943069
david,24,-35.6466712952,-2.38965654373
david,25,-8.97371292114,17.4222335815
david,26,-19.4708900452,22.0373878479
david,27,25.1285209656,1.12372767925
david,28,-25.5195808411,15.5569372177
david,29,-7.46543169022,0.242864564061
david,30,-2.75946879387,7.40913677216
david,31,31.6775112152,-20.417345047
david,32,-36.6319274902,-0.759362280369
david,33,1.29673862457,13.5040931702
david,34,-31.6598186493,12.6036348343
david,35,-20.3817043304,19.5520439148
david,36,-38.0806617737,7.03537225723
david,37,36.2275276184,5.88054561615
david,38,-32.8476104736,8.83897304535
david,39,16.4532489777,17.7023925781
david,40,-12.1190843582,-7.22903394699
david,41,8.65822601318,-2.98831510544
david,42,20.6866073608,11.4564218521
david,43,-3.72587823868,-12.0422439575
david,44,26.1560058594,9.42059612274
david,45,37.1962242126,4.31251573563
david,46,21.8531513214,-21.1294841766
david,47,19.8280735016,17.134645462
david,48,9.8861656189,5.30224752426
david,49,24.0164966583,10.1876735687
david,50,18.2386283875,21.9039726257
david,51,28.5445041656,-10.3370313644
david,52,14.8580875397,14.4333496094
david,53,-29.1242046356,10.5421533585
david,54,-28.6842880249,-11.314245224
david,55,-25.9450359344,-9.79341316223
david,56,11.6465921402,-14.977057457
david,57,38.5511703491,-2.39779925346
david,58,15.7246990204,7.8988404274
david,59,5.30853557587,8.47850322723
david,60,21.6761074066,-18.7340888977
david,61,-35.6348838806,-10.1933860779
david,62,38.8963088989,-1.76030874252
david,63,-0.548102080822,-10.6324110031
david,64,24.6462860107,-7.55072593689
david,65,-2.01845932007,19.2748165131
david,66,20.6365756989,18.4721946716
david,67,32.386554718,-15.0254955292
david,68,24.8068161011,19.0127449036
david,69,27.3393287659,-18.7180271149
david,70,25.2553329468,-19.0920505524
david,71,-20.2511692047,-14.1422567368
david,72,27.1172618866,-14.8253412247
david,73,33.3769226074,2.19396257401
david,74,-13.4345569611,-15.265329361
david,75,25.3555259705,-19.1289215088
david,76,36.1012954712,-15.2279462814
david,77,-9.40780162811,7.50885105133
david,78,23.2413978577,-17.119178772
david,79,-24.0578994751,-8.54754638672
david,80,-22.3261547089,5.95636558533
david,81,-4.70988082886,-1.04273676872
david,82,14.6911172867,3.74191117287
david,83,32.3559951782,5.19727277756
david,84,35.5602531433,-5.32672023773
david,85,-22.3130664825,-7.73776865005
david,86,20.3749141693,7.20210170746
david,87,-42.3232727051,7.31026315689
david,88,-8.09336662292,16.1081676483
david,89,-39.2000465393,6.56482362747
david,90,-17.4980430603,14.0078887939
david,91,-28.1167621613,15.7569932938
david,92,13.9195671082,-15.9206094742
david,93,14.3947429657,-4.1782746315
david,94,-28.5996818542,2.03982639313
david,95,-13.1753664017,14.7952127457
david,96,-44.9925689697,3.9695391655
david,97,30.5906581879,8.18841838837
david,98,7.18494224548,-3.80430531502
david,99,31.7599487305,11.5766935349
david,100,22.2228565216,2.1460416317
david,101,-19.129524231,-14.9479589462
david,102,25.2213020325,18.8429546356
david,103,26.6027011871,4.99473810196
david,104,11.6517562866,10.6082267761
david,105,-42.519329071,1.76603853703
david,106,-16.9075050354,5.10969305038
david,107,-5.58285188675,-2.68217134476
david,108,-12.6158266068,14.4844026566
david,109,38.5859985352,1.14579808712
david,110,-3.16417121887,21.3045024872
david,111,21.4286689758,10.1618032455
david,112,22.6730823517,13.61049366
david,113,-4.2281794548,17.404001236
david,114,-34.0196723938,14.9177455902
david,115,23.4697170258,-19.4581718445
david,116,27.2366962433,-11.4009780884
david,117,29.8457736969,-15.45353508
david,118,37.1398010254,-0.937863051891
david,119,-8.51368618011,10.442990303
david,120,27.0590744019,-18.6664237976
david,121,-10.1688137054,0.318922638893
david,122,-16.445941925,7.57436418533
david,123,31.9706802368,10.0564289093
david,124,-18.1838283539,22.5681552887
david,125,-23.860616684,10.0901451111
david,126,18.7781772614,6.48877048492
david,127,16.7900829315,-13.5102891922
david,128,37.2072906494,-4.87134313583
david,129,-10.2410163879,21.1813812256
david,130,-30.8336410522,16.7785720825
david,131,-15.5307655334,18.5709438324
david,132,-42.8852043152,6.94917201996
david,133,-31.9815196991,5.25163125992
david,134,-19.8919181824,17.390794754
david,135,28.0277500153,-14.1576871872
david,136,22.5743179321,-1.21674442291
david,137,5.96467065811,3.48012495041
david,138,4.79674100876,10.1581954956
david,139,22.0338726044,8.38948917389
david,140,-35.2787132263,15.1347227097
david,141,30.2462463379,-5.02409029007
david,142,27.8208312988,17.1442394257
david,143,-45.1422729492,4.79960680008
david,144,22.6076030731,-14.2712097168
david,145,19.6609554291,10.3281946182
david,146,26.556842804,-15.9411897659
david,147,-25.1945724487,10.717675209
david,148,-2.29435586929,12.8250141144
david,149,23.7493267059,16.4108009338
david,150,20.6267127991,17.1774044037
david,151,-7.92797374725,-5.3213057518
david,152,-36.1647071838,-3.73400521278
david,153,-24.9539604187,-10.269613266
david,154,0.291060388088,14.4625511169
david,155,31.5876483917,-13.4077157974
david,156,-23.0867881775,6.48936748505
david,157,32.5575828552,-16.4452514648
david,158,-13.6666250229,18.3964977264
david,159,-3.30059981346,-2.90847873688
david,160,-4.69335365295,11.215502739
david,161,38.4272918701,-4.43724441528
david,162,-29.8051395416,-4.05087995529
david,163,-18.9933795929,2.56688261032
david,164,-11.7499399185,-9.02773475647
david,165,-6.66385889053,16.4108314514
david,166,9.82217311859,10.6505250931
david,167,-16.6062545776,24.2418575287
david,168,-37.4499397278,-9.3934135437
david,169,-42.245967865,9.74587917328
david,170,-36.5136985779,-6.10688686371
david,171,-3.09852194786,6.66030359268
david,172,10.9701070786,-17.1413555145
david,173,-14.3399219513,7.33586931229
david,174,-23.757900238,16.6298027039
david,175,-42.6944389343,3.5079870224
david,176,-4.45916891098,1.51750028133
david,177,32.4846496582,-16.4199504852
david,178,-26.1663551331,18.4327812195
david,179,-39.4823684692,9.24814605713
david,180,27.2758388519,15.796877861
david,181,-17.223028183,14.2575283051
david,182,-37.1813774109,11.4397211075
david,183,-18.1323738098,21.0376033783
david,184,-31.0210113525,6.23604822159
david,185,32.5067062378,-6.74507379532
david,186,8.59609603882,20.4174461365
david,187,2.97576260567,18.889213562
david,188,28.7026252747,-0.000258630840108
david,189,-13.4928998947,25.8085708618
david,190,-18.9165077209,15.9291410446
david,191,30.615436554,-7.41799259186
david,192,-42.5683555603,-0.13188444078
david,193,16.7184143066,-18.5530376434
david,194,23.7090167999,0.916457176208
david,195,-14.5878372192,24.0874404907
david,196,24.000957489,19.3335132599
david,197,24.8168964386,-12.1337146759
david,198,-34.1403121948,7.89541482925
david,199,14.1010246277,-1.09004199505
david,200,1.54707312584,17.8728027344
david,201,8.87809085846,-17.3153648376
david,202,16.5063209534,15.5797185898
david,203,-37.2528953552,9.42980194092
david,204,-16.409658432,-14.6346721649
david,205,-6.73900747299,14.3666229248
david,206,-6.94164133072,21.6498165131
david,207,-29.3720989227,13.2780342102
david,208,34.3973617554,-13.2201728821
david,209,-30.7069168091,-5.38493108749
david,210,-36.4879684448,13.8229064941
david,211,22.3956394196,17.2398796082
david,212,9.98994350433,-7.70740699768
david,213,-33.6138267517,8.59381771088
david,214,25.7767353058,-10.7442207336
david,215,-39.9989509583,8.64699459076
david,216,26.032579422,10.0509138107
david,217,14.235452652,6.71127080917
david,218,20.758108139,15.3873825073
david,219,-17.0534000397,22.3679790497
david,220,27.5863456726,8.4644203186
david,221,16.9789981842,9.08917808533
david,222,14.2299432755,6.84752082825
david,223,-5.35093975067,5.58973741531
david,224,-37.339756012,12.4038009644
david,225,-38.9165229797,-5.4954161644
david,226,-43.3130683899,4.74162149429
david,227,-12.3264398575,-12.8800325394
david,228,21.7405261993,18.6863574982
david,229,-33.3407325745,-7.22273397446
david,230,-25.84897995,1.95456695557
david,231,27.3502826691,-10.3367013931
david,232,20.7804489136,-19.2801685333
david,233,18.9782924652,-20.2359161377
david,234,-44.7934150696,2.35975813866
david,235,22.3737621307,6.91367483139
david,236,-19.89503479,6.61867761612
david,237,-30.1501579285,1.77680373192
david,238,25.2169704437,7.53934192657
david,239,19.6563777924,3.6944797039
david,240,-16.0942058563,2.85378050804
david,241,-33.6548156738,12.5029983521
david,242,32.6877746582,-10.9132051468
david,243,-39.0417366028,-5.69033098221
david,244,15.2170743942,2.21734261513
david,245,29.5612697601,-10.8062047958
david,246,-30.7544269562,-0.323271602392
david,247,37.3549232483,-3.5528845787
david,248,-37.3784980774,10.2003631592
david,249,39.209148407,-10.0228862762
david,250,13.7903165817,14.1984367371
david,251,24.0782756805,17.849937439
david,252,18.4565067291,21.7992210388
david,253,33.0434761047,-12.2824878693
david,254,-24.7889289856,17.2470035553
david,255,23.6406288147,-9.39691829681
david,256,29.7395172119,-8.03087711334
david,257,16.8023891449,13.9196500778
david,258,-14.5107898712,-15.0305500031
david,259,-40.8872795105,6.4823923111
david,260,37.2743110657,6.60912656784
david,261,-13.8650350571,23.5213718414
david,262,12.1545143127,-17.1489601135
david,263,25.6089992523,17.2308063507
david,264,3.70473909378,-0.721297681332
david,265,-14.5182495117,22.7949447632
david,266,32.166431427,10.4503040314
david,267,6.18958044052,-9.13302993774
david,268,-25.5931873322,4.009557724
david,269,-23.0703029633,14.8764762878
david,270,32.007396698,10.6838083267
david,271,38.3008918762,-2.87733626366
david,272,26.6034374237,-13.4959974289
david,273,-26.9400100708,14.9595165253
david,274,14.6098909378,18.7987556458
david,275,-25.104850769,-12.3701944351
david,276,-9.70376777649,-9.12658405304
david,277,-2.08631539345,12.9060468674
david,278,32.8301773071,5.98075962067
david,279,14.3341360092,20.7185745239
david,280,17.6816864014,20.8918018341
david,281,24.2815494537,-10.1882219315
david,282,-14.8131952286,16.0279560089
david,283,27.1688404083,3.29172682762
david,284,-38.0745353699,12.4776344299
david,285,-35.8256645203,13.6006736755
david,286,13.982755661,18.1721611023
david,287,-24.7196178436,8.87020111084
david,288,37.0249557495,-17.2061901093
david,289,-42.4612236023,7.97833538055
david,290,-14.2602910995,-14.0421304703
david,291,-11.7548141479,-10.3816747665
david,292,16.8145999908,7.672976017
david,293,-19.0466995239,-14.3572025299
david,294,-1.16202175617,17.1802864075
david,295,31.4151725769,6.4459643364
david,296,-43.989490509,1.56561458111
david,297,19.505197525,-19.2392520905
david,298,30.5759983063,-5.23657941818
david,299,6.24875926971,-14.8175230026
david,300,-20.659078598,3.27386975288
david,301,-42.9072380066,3.24816727638
david,302,-33.8574447632,11.2339382172
david,303,-42.4302253723,-1.17948651314
david,304,-12.0563097,21.7467575073
david,305,31.1584224701,-18.9189414978
david,306,21.2062320709,13.8649625778
david,307,23.7078437805,-2.16979765892
david,308,-35.0553779602,-3.66597366333
david,309,-39.7723236084,0.550823271275
david,310,-8.522315979,-11.3273534775
david,311,-23.9534435272,1.96343290806
david,312,27.5743331909,-7.40451717377
david,313,-44.5095901489,3.79483914375
david,314,-34.1815032959,-5.85681533813
david,315,-13.1957416534,16.2895698547
david,316,9.76411247253,-5.83146715164
david,317,-31.9470272064,16.0385398865
david,318,34.6019630432,1.61553752422
david,319,-15.2544708252,24.7927417755
david,320,-10.2612228394,12.3691358566
david,321,25.2284889221,5.14165210724
david,322,-12.1062269211,22.9773902893
david,323,19.5659656525,12.6456365585
david,324,8.47999954224,19.8242988586
david,325,-39.9799461365,-3.32218027115
david,326,22.9136486053,2.73866391182
david,327,18.7083148956,-19.1866035461
david,328,-41.0110855103,7.83485460281
david,329,39.2332572937,-3.46449780464
david,330,-33.4346961975,-10.9153146744
david,331,17.0466766357,16.9000911713
david,332,-37.7052841187,8.48739433289
david,333,-32.9653015137,-3.39184451103
david,334,-6.38933610916,-7.64408254623
david,335,20.3180751801,-20.4855594635
david,336,-31.7698707581,-3.97935032845
david,337,26.8524093628,6.08950281143
david,338,-14.4215202332,21.4906597137
david,339,-33.7499542236,-1.90310668945
david,340,23.3738975525,1.9676450491
david,341,-31.6897888184,-9.673787117
david,342,-42.263004303,6.32152605057
david,343,-9.92723751068,13.1231365204
david,344,-32.3150596619,13.8288412094
david,345,-19.2014389038,20.4729862213
david,346,-31.8698787689,-6.0632019043
david,347,34.0443496704,-6.22443628311
david,348,37.3687133789,-2.48230195045
david,349,16.349445343,21.0193042755
david,350,-40.4521255493,-2.64306092262
david,351,-15.9301900864,-13.6645498276
david,352,29.4575824738,-13.2307662964
david,353,-22.449716568,-10.6813116074
david,354,-26.4931240082,1.08576965332
david,355,29.515789032,-3.80521059036
david,356,17.5615730286,15.9538793564
david,357,20.7412395477,1.00171768665
david,358,36.7859802246,-12.4780035019
david,359,-29.2638397217,0.517358541489
david,360,38.451587677,8.07640266418
david,361,30.9993228912,-7.96717786789
david,362,23.9991416931,-21.7105312347
david,363,-16.2043628693,1.21347677708
david,364,0.0119151026011,14.4956169128
david,365,-13.3108444214,5.57200431824
david,366,36.3862686157,5.44181585312
david,367,-34.3402481079,13.619345665
david,368,-19.2165813446,11.7153787613
david,369,-39.5419120789,2.48104214668
david,370,-18.2122612,7.48270320892
david,371,19.2648468018,19.0546283722
david,372,26.8622665405,16.6880226135
david,373,-7.09715890884,23.7453804016
david,374,-38.2889900208,10.6299581528
david,375,-13.2756891251,22.4281253815
david,376,12.2540388107,-0.435363918543
david,377,-31.322889328,2.1561627388
david,378,5.07642889023,15.2724838257
david,379,-42.6401290894,-0.152469962835
marco,0,-4.53959560394,17.2192420959
marco,1,-11.7441520691,-3.4444026947
marco,2,34.795955658,4.79465198517
marco,3,21.4942531586,3.78326225281
marco,4,-24.1334056854,4.05356311798
marco,5,-17.4882793427,17.9810123444
marco,6,-27.6648521423,-9.77352714539
marco,7,11.7445440292,12.2223577499
marco,8,14.9665803909,14.0560512543
marco,9,-31.2732639313,-13.5889425278
marco,10,34.9409942627,6.36250448227
marco,11,17.6920318604,8.70847892761
marco,12,29.1256217957,-11.4060716629
marco,13,-17.3061923981,-13.465221405
marco,14,26.4284572601,-17.3755970001
marco,15,-27.7072849274,-4.84193277359
marco,16,18.1937656403,0.205049723387
marco,17,-30.4881896973,15.808924675
marco,18,-9.17501926422,9.84512042999
marco,19,-17.6188182831,7.02341508865
marco,20,31.5381622314,-7.3258805275
marco,21,26.195690155,17.3356456757
marco,22,13.0758247375,-0.842551410198
marco,23,33.7047996521,-13.7362213135
marco,24,-23.4897155762,-9.40229415894
marco,25,-26.8883361816,1.68660616875
marco,26,-12.975112915,6.87740659714
marco,27,-15.5615081787,22.5508823395
marco,28,-8.1218662262,11.2163105011
marco,29,-17.8796405792,6.28000545502
marco,30,21.3542881012,4.29362297058
marco,31,5.3275513649,-3.88471150398
marco,32,-16.2650642395,10.6144762039
marco,33,22.2344913483,-15.158331871
marco,34,27.6203765869,16.1587181091
marco,35,-11.004283905,-10.3430376053
marco,36,-28.3146820068,-4.92421340942
marco,37,-13.6335582733,-13.090842247
marco,38,-37.7037124634,-4.89634943008
marco,39,-22.5246772766,15.3636350632
marco,40,-31.8149833679,-0.538418233395
marco,41,-16.0268249512,-12.6633052826
marco,42,-18.5013942719,11.3497219086
marco,43,-12.2202091217,12.0456533432
marco,44,14.8504600525,15.1326131821
marco,45,17.0830116272,-17.3985157013
marco,46,22.0912151337,3.95108413696
marco,47,15.301158905,20.0384140015
marco,48,-14.033331871,-14.3094940186
marco,49,-1.38826346397,13.9106559753
marco,50,25.0754184723,6.32662248611
marco,51,-23.1368541718,16.34258461
marco,52,-15.7257823944,-12.6980218887
marco,53,-28.5547447205,-1.67186164856
marco,54,31.12383461,-7.01828956604
marco,55,-38.203086853,-0.163359209895
marco,56,-30.3942012787,-9.2372045517
marco,57,22.265838623,5.86356878281
marco,58,25.1846466064,-10.1354198456
marco,59,10.2450733185,4.46829748154
marco,60,12.5810661316,12.2658720016
marco,61,-14.229434967,12.9061946869
marco,62,-35.4028778076,12.4346046448
marco,63,-30.4221115112,11.9769535065
marco,64,12.9343109131,9.14005756378
marco,65,-26.1404151917,11.1191368103
marco,66,20.2206077576,3.58113026619
marco,67,-33.0614356995,7.61525058746
marco,68,-8.32488059998,-2.72648072243
marco,69,-16.0660209656,5.77873802185
marco,70,-24.2870578766,-11.4628248215
marco,71,-3.54322457314,-1.82628536224
marco,72,-29.561706543,-8.68143844604
marco,73,28.8657970428,-7.57060098648
marco,74,-26.6949329376,13.4168462753
marco,75,32.3898048401,-6.19542264938
marco,76,-30.278383255,8.8909406662
marco,77,-3.53545689583,10.7108697891
marco,78,-31.5467910767,8.27278900146
marco,79,9.62072372437,9.26407241821
marco,80,26.7082195282,16.9616184235
marco,81,-9.91479110718,12.7777032852
marco,82,13.125702858,-0.640659332275
marco,83,-27.6667881012,7.51844358444
marco,84,-12.4435691833,12.4690847397
marco,85,4.96633958817,3.12006640434
marco,86,13.6622819901,1.70272386074
marco,87,-17.1618919373,11.3833780289
marco,88,-17.7881526947,17.461435318
marco,89,-19.8356990814,-11.9517431259
marco,90,-18.1317253113,11.1716632843
marco,91,-26.875295639,-10.0360040665
marco,92,5.94348812103,8.1125535965
marco,93,33.1549110413,3.85795307159
marco,94,22.2493076324,5.42458677292
marco,95,17.2618293762,-18.5133476257
marco,96,15.839548111,16.4264698029
marco,97,-16.1364040375,13.0536804199
marco,98,-9.00858402252,14.1417894363
marco,99,-17.044467926,6.98673868179
marco,100,22.3761329651,0.727489054203
marco,101,38.0367698669,-2.10744571686
marco,102,17.5456066132,10.0578374863
marco,103,26.5298156738,-8.87854003906
marco,104,14.6379985809,0.938641309738
marco,105,-8.23658275604,-5.90562963486
marco,106,-13.4396486282,6.36469078064
marco,107,15.5591936111,19.0521965027
marco,108,-29.8306484222,-5.88484477997
marco,109,-15.1232786179,-13.6192359924
marco,110,-29.3222370148,-4.34773397446
marco,111,-14.568649292,5.61719369888
marco,112,-28.2940559387,-8.69589996338
marco,113,29.9336910248,-9.83418083191
marco,114,26.5996761322,17.0437488556
marco,115,-35.5916938782,-1.09369921684
marco,116,-14.6728086472,15.3936805725
marco,117,-31.981262207,11.7154655457
marco,118,32.7070198059,9.81050109863
marco,119,6.91638946533,7.82961845398
marco,120,-19.391248703,18.3187580109
marco,121,25.4885139465,-15.3588218689
marco,122,-0.438510388136,9.67084789276
marco,123,-24.6061038971,2.43909788132
marco,124,-31.9351100922,7.70508480072
marco,125,8.83527565002,9.15160369873
marco,126,-9.35729980469,13.5953702927
marco,127,-24.8154850006,1.93250644207
marco,128,20.8762931824,17.0075912476
marco,129,-35.957069397,9.30708789825
marco,130,30.3306941986,-13.7639904022
marco,131,38.4539451599,-1.70983970165
marco,132,22.3846416473,7.05717945099
marco,133,4.58206415176,-2.25088691711
marco,134,21.3536090851,2.29238796234
marco,135,34.2387466431,-16.2362422943
marco,136,-4.41075086594,11.5558252335
marco,137,-3.8058693409,12.6424751282
marco,138,15.1384782791,-18.5148563385
marco,139,10.3533143997,9.21701049805
marco,140,13.1544027328,7.99070310593
marco,141,33.1726036072,-9.24224376678
marco,142,-19.5119304657,-13.2800598145
marco,143,-13.6135578156,-1.47216701508
marco,144,-3.0770213604,17.0684890747
marco,145,31.5477466583,5.65720176697
marco,146,-37.0955810547,-3.01709532738
marco,147,16.1347503662,-2.37864017487
marco,148,0.40660238266,-4.74984788895
marco,149,31.9927062988,4.81174945831
marco,150,1.82920408249,18.2405796051
marco,151,-30.6224021912,-7.06499576569
marco,152,-25.1727371216,2.798132658
marco,153,-25.2432060242,2.6152613163
marco,154,29.0527248383,-9.81590652466
marco,155,19.1997394562,17.6700839996
marco,156,-6.86709499359,21.1332626343
marco,157,12.945567131,-1.85304045677
marco,158,-6.55671644211,19.8463287354
marco,159,-20.2765865326,-11.4635972977
marco,160,-17.6524600983,21.6283988953
marco,161,-24.6428184509,-12.2826089859
marco,162,-36.0863494873,-8.78558444977
marco,163,4.93880605698,6.24307727814
marco,164,33.6805152893,4.49752235413
marco,165,-11.9928121567,-2.29714012146
marco,166,17.4583129883,21.0312385559
marco,167,-7.32633161545,6.75517749786
marco,168,-25.8478164673,12.9066781998
marco,169,-11.582069397,3.18757557869
marco,170,-37.4921112061,-2.88184833527
marco,171,-7.57174968719,9.38943862915
marco,172,-23.6143035889,5.88200330734
marco,173,11.5607805252,-16.9584674835
marco,174,-6.84589004517,20.5074176788
marco,175,-11.0171794891,-7.02594566345
marco,176,-7.61447048187,12.6029281616
marco,177,12.3580532074,-0.846160471439
marco,178,-24.5410404205,-9.50906944275
marco,179,-16.7516384125,-13.5635290146
marco,180,-21.760099411,-12.4644136429
marco,181,-7.49640989304,13.6152553558
marco,182,34.9305305481,0.294774025679
marco,183,17.4762783051,-18.3285160065
marco,184,14.3952770233,0.254906654358
marco,185,24.960067749,17.7534503937
marco,186,29.5096130371,-9.53704833984
marco,187,15.2411689758,13.7521505356
marco,188,18.528169632,-16.4668979645
marco,189,33.6647720337,5.6759095192
marco,190,27.1428947449,6.81131315231
marco,191,-20.9975280762,6.27886676788
marco,192,-42.23960495,7.12136220932
marco,193,11.6121778488,-16.1007614136
marco,194,-12.9517345428,-2.69290137291
marco,195,21.2587718964,14.8887224197
marco,196,25.5859165192,5.95297765732
marco,197,10.1356830597,-15.5441303253
marco,198,11.6687955856,9.73525905609
marco,199,-8.84353160858,12.1975708008
marco,200,-17.759180069,11.3096961975
marco,201,31.0935611725,-7.17533445358
marco,202,-8.1089553833,-6.64612436295
marco,203,-13.2015991211,-13.0020961761
marco,204,28.7075614929,-6.01716279984
marco,205,-12.7751207352,12.9599142075
marco,206,28.3731269836,-11.3986463547
marco,207,25.7377929688,-9.43371391296
marco,208,26.1222190857,4.72860860825
marco,209,17.4419269562,8.98827934265
marco,210,-4.56847429276,7.91810894012
marco,211,-31.382396698,-4.64507818222
marco,212,-14.9777736664,0.62941557169
marco,213,22.1845378876,-19.3858470917
marco,214,17.9872608185,17.6869792938
marco,215,-32.8822898865,-3.90080571175
marco,216,-34.4185409546,-2.44077467918
marco,217,23.3701496124,4.30547475815
marco,218,-35.0580863953,-3.34717941284
marco,219,-8.6009054184,13.3845643997
marco,220,37.4595527649,-3.07998299599
marco,221,-14.2887268066,22.7710666656
marco,222,-17.1064052582,10.4173021317
marco,223,34.1397857666,-15.2077379227
marco,224,-19.9811897278,6.66988563538
marco,225,19.1421585083,-19.2644805908
marco,226,21.7928142548,5.2773809433
marco,227,-30.8330421448,15.7047834396
marco,228,36.5304222107,-2.87240433693
marco,229,-4.8949508667,-0.0175215229392
marco,230,-41.7157363892,0.776403963566
marco,231,-36.7330169678,9.96265506744
marco,232,32.7636375427,12.4831609726
marco,233,33.9539756775,9.12524795532
marco,234,13.2928419113,2.91660547256
marco,235,19.5867919922,-0.809483170509
marco,236,-27.1134204865,15.9634847641
marco,237,15.6623945236,13.7550621033
marco,238,-35.306060791,11.5798978806
marco,239,-31.8648948669,8.06739711761
marco,240,35.4434623718,-0.773489952087
marco,241,16.9319267273,-13.6773147583
marco,242,-37.9450416565,-4.07102966309
marco,243,-36.6012954712,-1.93891227245
marco,244,36.4010391235,5.0020647049
marco,245,33.9467658997,6.00064563751
marco,246,36.7785682678,-1.22427713871
marco,247,-27.1370162964,6.38214445114
marco,248,27.7915916443,15.5307168961
marco,249,26.870016098,4.98263120651
marco,250,-10.4991416931,-4.32352638245
marco,251,18.590429306,8.17351722717
marco,252,-28.0477046967,12.1620597839
marco,253,-35.2369842529,-2.45356535912
marco,254,-15.7633295059,22.152130127
marco,255,23.3460483551,5.85746955872
marco,256,26.3538780212,17.1767368317
marco,257,-25.8846740723,7.81727266312
marco,258,28.3035354614,-14.5284929276
marco,259,-21.1599636078,-9.07688331604
marco,260,2.20276355743,1.76963126659
marco,261,28.8567504883,-0.283273875713
marco,262,-16.8884487152,17.6329364777
marco,263,21.9613132477,0.267356961966
marco,264,-17.9260902405,-11.4093465805
marco,265,-31.4203472137,-8.43006038666
marco,266,15.1321582794,-16.2139377594
marco,267,3.06577706337,17.6758518219
marco,268,-13.1251430511,-14.0616607666
marco,269,-29.3311347961,-5.69547653198
marco,270,16.3844795227,16.6852054596
marco,271,-30.8205432892,14.6413574219
marco,272,-27.6474838257,-9.75668621063
marco,273,-4.58305358887,17.5939826965
marco,274,15.3046197891,-16.4677963257
marco,275,-17.837015152,18.0843734741
marco,276,-28.4008407593,-3.33839964867
marco,277,27.898891449,3.9418823719
marco,278,-8.05955123901,-6.15157365799
marco,279,-29.4218997955,10.9021978378
marco,280,-27.3905143738,10.8935585022
marco,281,10.0554819107,9.59270858765
marco,282,6.09770393372,-3.12763428688
marco,283,-12.7656421661,-2.35182309151
marco,284,19.2812595367,16.5718002319
marco,285,21.9082584381,-15.2595319748
marco,286,19.2371425629,7.53859233856
marco,287,14.6698284149,15.7256155014
marco,288,-25.9930915833,6.77787017822
marco,289,-9.33108329773,-3.1896276474
marco,290,11.1149587631,-15.2102518082
marco,291,-14.0977535248,21.7546062469
marco,292,21.3561000824,7.58141374588
marco,293,-17.2631721497,2.51912045479
marco,294,-14.376958847,8.18826007843
marco,295,-36.2178344727,13.4105587006
marco,296,25.1250228882,-16.6694564819
marco,297,22.6115627289,-15.061126709
marco,298,-29.7015724182,8.47797107697
marco,299,10.7966442108,-15.9352760315
marco,300,-35.5737686157,11.9657735825
marco,301,26.4259796143,6.91745901108
marco,302,-14.1869630814,3.6181435585
marco,303,-4.95228433609,-1.93471848965
marco,304,25.9216938019,16.6841259003
marco,305,4.05455064774,-1.10485422611
marco,306,-3.12444067001,10.8909492493
marco,307,-38.4848976135,9.01292419434
marco,308,18.7474250793,0.363522022963
marco,309,-36.4088745117,13.6619710922
marco,310,30.1961746216,0.524086833
marco,311,17.7466201782,9.27040576935
marco,312,-25.1829948425,-11.4179039001
marco,313,-26.2869262695,13.276227951
marco,314,14.2284345627,17.5096359253
marco,315,-5.3669500351,2.82312178612
marco,316,-4.90336036682,-1.79673016071
marco,317,22.231628418,9.90503978729
marco,318,-4.40877771378,16.9255104065
marco,319,-12.7816839218,-14.2129163742
marco,320,-35.5602226257,12.088136673
marco,321,-4.48148775101,0.292433142662
marco,322,-33.4001464844,10.5004205704
marco,323,-27.6088085175,-5.57877731323
marco,324,18.4492645264,8.64831733704
marco,325,21.6001338959,3.11960697174
marco,326,21.1539058685,2.42656683922
marco,327,-23.285905838,-11.7287454605
marco,328,13.7759847641,19.8527832031
marco,329,-36.5506362915,14.3794355392
marco,330,18.8274917603,-0.122161351144
marco,331,22.3623771667,7.82962799072
marco,332,5.33120584488,3.94787240028
marco,333,-8.05248451233,2.85620808601
marco,334,8.97272205353,-9.21751689911
marco,335,-21.7411460876,4.36843729019
marco,336,-14.6107559204,-0.0136924255639
marco,337,15.071513176,-14.7592592239
marco,338,11.5903234482,-16.6553344727
marco,339,-31.9917583466,-8.96830654144
marco,340,-2.39351320267,1.67545771599
marco,341,-12.252368927,-3.01626086235
marco,342,18.0080757141,5.80604362488
marco,343,-31.4556598663,6.78538608551
marco,344,17.5706043243,21.1677703857
marco,345,32.6249580383,11.0465574265
marco,346,-20.6512508392,15.0780134201
marco,347,20.9890975952,14.3428812027
marco,348,20.881893158,3.92992997169
marco,349,-11.3386354446,-10.2013559341
marco,350,-27.6874904633,-4.55695486069
marco,351,-9.03209400177,19.0260314941
marco,352,-4.49834823608,11.7064151764
marco,353,-13.3769826889,-1.8608494997
marco,354,16.8840045929,6.62072896957
marco,355,-14.4278974533,6.29936313629
marco,356,-7.45180511475,8.49046802521
marco,357,-21.1478309631,-8.34630298615
marco,358,-22.5679035187,14.1175498962
marco,359,18.5671882629,15.3385038376
marco,360,14.7720270157,20.1417560577
marco,361,-0.476777851582,-11.0876331329
marco,362,-3.00253605843,10.7139596939
marco,363,-8.70119190216,-2.54872250557
marco,364,-25.523059845,-10.6308746338
marco,365,-21.1965274811,-8.53590297699
marco,366,-20.6391334534,-9.7536239624
marco,367,-6.37722110748,-0.727271556854
marco,368,20.3774795532,-17.9741649628
marco,369,24.4629116058,16.9149055481
marco,370,7.47846651077,8.45777416229
marco,371,-5.32122993469,20.4087562561
marco,372,18.2122097015,-18.5348930359
marco,373,-4.11912155151,8.03263282776
marco,374,-29.6431407928,-5.35878372192
marco,375,-9.14545440674,14.3849382401
marco,376,-16.5295295715,-13.5165596008
marco,377,-32.4578399658,8.20336914062
marco,378,-13.8695230484,22.2744598389
marco,379,9.5489692688,-7.2342338562
